id,conversation_id,created_at,date,time,timezone,user_id,username,name,place,tweet,language,replies_count,retweets_count,likes_count,link,retweet,quote_url,video,thumbnail,near,geo,source,user_rt_id,user_rt,retweet_id,reply_to/0/screen_name,reply_to/0/name,reply_to/0/id,retweet_date,translate,trans_src,trans_dest,hashtags/0,mentions/0/screen_name,mentions/0/name,mentions/0/id,urls/0,photos/0,reply_to/1/screen_name,reply_to/1/name,reply_to/1/id,hashtags/1,mentions/1/screen_name,mentions/1/name,mentions/1/id,mentions/2/screen_name,mentions/2/name,mentions/2/id,mentions/3/screen_name,mentions/3/name,mentions/3/id,mentions/4/screen_name,mentions/4/name,mentions/4/id,mentions/5/screen_name,mentions/5/name,mentions/5/id,mentions/6/screen_name,mentions/6/name,mentions/6/id,mentions/7/screen_name,mentions/7/name,mentions/7/id,urls/1,photos/1,hashtags/2,hashtags/3,hashtags/4,hashtags/5,reply_to/2/screen_name,reply_to/2/name,reply_to/2/id,reply_to/3/screen_name,reply_to/3/name,reply_to/3/id,reply_to/4/screen_name,reply_to/4/name,reply_to/4/id
1415966490805772300,1415965979977216004,2021-07-16 16:28:13 SE Asia Standard Time,2021-07-16,16:28:13,+0700,1279459539020988400,salimalghifari_,Far_____,,@jepnchl Itu la ppkm,in,0,0,0,https://twitter.com/salimalghifari_/status/1415966490805772294,false,,0,,,,,,,,jepnchl,meicoot,1311521143208112128,,,,,,,,,,,,,,,,,,,,,,,,,,,,,,,,,,,,,,,,,,,,,,,,,,
1415966488574390300,1415872296032473089,2021-07-16 16:28:12 SE Asia Standard Time,2021-07-16,16:28:12,+0700,1874281764,ekekzrombenk,ekekzrombenk,,@sundingjalila Ppkm terus ya,in,0,0,0,https://twitter.com/ekekzrombenk/status/1415966488574390272,false,,0,,,,,,,,sundingjalila,SUNDING BIN JALILA,1432297518,,,,,,,,,,,,,,,,,,,,,,,,,,,,,,,,,,,,,,,,,,,,,,,,,,
1415966481230164000,1415966481230163969,2021-07-16 16:28:11 SE Asia Standard Time,2021-07-16,16:28:11,+0700,1260472495100002300,jokosudarso3,jokosudarso,,#VaksinPerkuatImunitas PPKM Cegah Penyebaran,in,0,0,0,https://twitter.com/jokosudarso3/status/1415966481230163969,false,https://twitter.com/poldasulut_/status/1415940541447958529,0,,,,,,,,,,,,,,,vaksinperkuatimunitas,,,,,,,,,,,,,,,,,,,,,,,,,,,,,,,,,,,,,,,,,,,,,
1415966477295915000,1415966477295915010,2021-07-16 16:28:10 SE Asia Standard Time,2021-07-16,16:28:10,+0700,1266367602114171000,itshun02,Aku manusia,,PPKM =Pertemuan-Perkenalan-Khitbah-Menikah Sungguh nikmat mana lagi yang kau dustakan üò≠,in,0,0,0,https://twitter.com/Itshun02/status/1415966477295915010,false,,0,,,,,,,,,,,,,,,,,,,,,,,,,,,,,,,,,,,,,,,,,,,,,,,,,,,,,,,,,,,,
1415966475806904300,1415966475806904322,2021-07-16 16:28:09 SE Asia Standard Time,2021-07-16,16:28:09,+0700,65025034,rouhge,Ÿã,,mau beli pencil alis taunya ppkm gajadi lagi,in,0,0,0,https://twitter.com/rouhge/status/1415966475806904322,false,,0,,,,,,,,,,,,,,,,,,,,,,,,,,,,,,,,,,,,,,,,,,,,,,,,,,,,,,,,,,,,
1415966459172331500,1415966459172331520,2021-07-16 16:28:05 SE Asia Standard Time,2021-07-16,16:28:05,+0700,1260472495100002300,jokosudarso3,jokosudarso,,#VaksinPerkuatImunitas PPKM Cegah Penyebaran,in,0,0,0,https://twitter.com/jokosudarso3/status/1415966459172331520,false,https://twitter.com/PolsekBanjarsa8/status/1415940558523043841,0,,,,,,,,,,,,,,,vaksinperkuatimunitas,,,,,,,,,,,,,,,,,,,,,,,,,,,,,,,,,,,,,,,,,,,,,
1415966443347271700,1415899223854239744,2021-07-16 16:28:02 SE Asia Standard Time,2021-07-16,16:28:02,+0700,1335933334019395600,nak_bali_asli,Goes Tu,,"@fadlizon Mentri juga manusia, apa salahnya nonton film sekedar untuk meningkatkan imun? Apalagi saat ppkm ada waktu bersama keluarga.  Dari pada megang HP terus nyinyirin orang.",in,0,0,0,https://twitter.com/nak_bali_asli/status/1415966443347271680,false,,0,,,,,,,,fadlizon,FADLI ZON (Youtube: Fadli Zon Official),79139422,,,,,,,,,,,,,,,,,,,,,,,,,,,,,,,,,,,,,,,,,,,,,,,,,,
1415966439878451200,1415966439878451203,2021-07-16 16:28:01 SE Asia Standard Time,2021-07-16,16:28:01,+0700,1375400312559730700,erpelaheti,Heri Erpela. e-ktp.: Maisuhandri BSc.,,Bantuan PPKM dijalanan?.. Ini bantuan dari Pemerintah atau bantuan dari Pribadi?...  Klo bantuan dr Pemerintah bukan begini caranya &amp; bgm pertanggung jawabannya?. Bila ini bantuan dari Pribadi tak Soal.,in,0,0,0,https://twitter.com/ErpelaHeti/status/1415966439878451203,false,https://twitter.com/ekonomi_jeblok/status/1415505452486381571,0,,,,,,,,,,,,,,,,,,,,,,,,,,,,,,,,,,,,,,,,,,,,,,,,,,,,,,,,,,,,
1415966439643631600,1415965179427246081,2021-07-16 16:28:01 SE Asia Standard Time,2021-07-16,16:28:01,+0700,16177329,vidaparady,Vida Parady,,@JAK101fm Sebulan lalu sebelum PPKM. Itu belanja pertama setelah pandemi Maret 2020 :-),in,0,0,0,https://twitter.com/vidaparady/status/1415966439643631621,false,,0,,,,,,,,JAK101fm,txtdariminJAK,133293130,,,,,,,,,,,,,,,,,,,,,,,,,,,,,,,,,,,,,,,,,,,,,,,,,,
1415966434987937800,1415966434987937794,2021-07-16 16:28:00 SE Asia Standard Time,2021-07-16,16:28:00,+0700,1260472495100002300,jokosudarso3,jokosudarso,,#VaksinPerkuatImunitas PPKM Cegah Penyebaran,in,0,0,0,https://twitter.com/jokosudarso3/status/1415966434987937794,false,https://twitter.com/polsekkaliwate1/status/1415940563082170368,0,,,,,,,,,,,,,,,vaksinperkuatimunitas,,,,,,,,,,,,,,,,,,,,,,,,,,,,,,,,,,,,,,,,,,,,,
1415966423550238700,1415966423550238720,2021-07-16 16:27:57 SE Asia Standard Time,2021-07-16,16:27:57,+0700,771948379,doncarnegie,ff,,"Yang kaya teriak prokes, yang miskin teriak makan, semangat PPKM !",in,0,0,0,https://twitter.com/doncarnegie/status/1415966423550238720,false,,0,,,,,,,,,,,,,,,,,,,,,,,,,,,,,,,,,,,,,,,,,,,,,,,,,,,,,,,,,,,,
1415966412472950800,1415966412472950785,2021-07-16 16:27:54 SE Asia Standard Time,2021-07-16,16:27:54,+0700,622469909,emyliaika_p,Mmmm~,,"Sebenarnya PPKM itu bagus, tapi rencananya kurang matang dan banyak banget orang yg kurang pencerdasan, jadinya warga pun marah dan tidak terima",in,1,0,0,https://twitter.com/emyliaika_p/status/1415966412472950785,false,,0,,,,,,,,,,,,,,,,,,,,,,,,,,,,,,,,,,,,,,,,,,,,,,,,,,,,,,,,,,,,
1415966412414144500,1415966412414144512,2021-07-16 16:27:54 SE Asia Standard Time,2021-07-16,16:27:54,+0700,3219182215,diananggiii,Ô∏èÔ∏è Ô∏è,,"Semenjak PPKM jadi makin sering belanja online terus tbtb kemarin ada yg panggil ""paketttt' eh tenyata karna pake @anteraja_id barang jadi cepet banget sampe",in,0,0,0,https://twitter.com/diananggiii/status/1415966412414144512,false,,0,,,,,,,,,,,,,,,,anteraja_id,anteraja.id,1050727225866125312,,,,,,,,,,,,,,,,,,,,,,,,,,,,,,,,,,,,,,,,,,
1415966408119251000,1415966408119250945,2021-07-16 16:27:53 SE Asia Standard Time,2021-07-16,16:27:53,+0700,1260472495100002300,jokosudarso3,jokosudarso,,#VaksinPerkuatImunitas PPKM Cegah Penyebaran,in,0,0,0,https://twitter.com/jokosudarso3/status/1415966408119250945,false,https://twitter.com/YerLeo1/status/1415940608087130112,0,,,,,,,,,,,,,,,vaksinperkuatimunitas,,,,,,,,,,,,,,,,,,,,,,,,,,,,,,,,,,,,,,,,,,,,,
1415966404105355300,1415966404105355264,2021-07-16 16:27:52 SE Asia Standard Time,2021-07-16,16:27:52,+0700,124839730,trans7,TRANS7,,Balap liar saat PPKM di tengah PPKM darurat. #Redaksi  https://t.co/ppyGxI2L6H,in,0,0,1,https://twitter.com/TRANS7/status/1415966404105355264,false,,1,https://pbs.twimg.com/media/E6aF6J4XMAAm8ZC.jpg,,,,,,,,,,,,,,redaksi,,,,,,,,,,,,,,,,,,,,,,,,,,,,,,,,,,,,,,,,,,,,,
1415966383997816800,1415966383997816839,2021-07-16 16:27:47 SE Asia Standard Time,2021-07-16,16:27:47,+0700,1260472495100002300,jokosudarso3,jokosudarso,,#VaksinPerkuatImunitas PPKM Cegah Penyebaran,in,0,0,0,https://twitter.com/jokosudarso3/status/1415966383997816839,false,https://twitter.com/polsekkaliwate1/status/1415940659412750336,0,,,,,,,,,,,,,,,vaksinperkuatimunitas,,,,,,,,,,,,,,,,,,,,,,,,,,,,,,,,,,,,,,,,,,,,,
1415966382777241600,1415966382777241605,2021-07-16 16:27:47 SE Asia Standard Time,2021-07-16,16:27:47,+0700,931975578,inasyaina,Ina Syaina Hatapayo,,"Semangat teman"" pada saat PPKM ini Tetap jaga kesehatan, pola makan, jaga olahraga di rmh aja Mau belanja biarkan kurir @anteraja_id yang kirim Bebas ongkir lho",in,0,0,0,https://twitter.com/InaSyaina/status/1415966382777241605,false,,0,,,,,,,,,,,,,,,,anteraja_id,anteraja.id,1050727225866125312,,,,,,,,,,,,,,,,,,,,,,,,,,,,,,,,,,,,,,,,,,
1415966381128908800,1415966381128908801,2021-07-16 16:27:47 SE Asia Standard Time,2021-07-16,16:27:47,+0700,1353115004585668600,melonkatanya,DR(Harap-harap Cemas),,Weekend...#dirumahsaja lagi PPKMüòë,in,0,0,0,https://twitter.com/melonkatanya/status/1415966381128908801,false,,0,,,,,,,,,,,,,,,dirumahsaja,,,,,,,,,,,,,,,,,,,,,,,,,,,,,,,,,,,,,,,,,,,,,
1415966356885807000,1415962071900987394,2021-07-16 16:27:41 SE Asia Standard Time,2021-07-16,16:27:41,+0700,906674973640507400,ivanderevan,Hans Wolfgang,,"@nimkoeseel Yo korona, yo ppkm, yo kerjo, yo umr barang pie kon",in,0,0,0,https://twitter.com/IvanderEvan/status/1415966356885807104,false,,0,,,,,,,,nimkoeseel,Nitaüçí,1258237708666671104,,,,,,,,,,,,,,,,,,,,,,,,,,,,,,,,,,,,,,,,,,,,,,,,,,
1415966348505620500,1415966348505620480,2021-07-16 16:27:39 SE Asia Standard Time,2021-07-16,16:27:39,+0700,1260472495100002300,jokosudarso3,jokosudarso,,#VaksinPerkuatImunitas PPKM Cegah Penyebaran,in,0,0,0,https://twitter.com/jokosudarso3/status/1415966348505620480,false,https://twitter.com/polsekkaliwate1/status/1415940765985820672,0,,,,,,,,,,,,,,,vaksinperkuatimunitas,,,,,,,,,,,,,,,,,,,,,,,,,,,,,,,,,,,,,,,,,,,,,
1415966343568920600,1415965376450424834,2021-07-16 16:27:38 SE Asia Standard Time,2021-07-16,16:27:38,+0700,1260471568943198200,tholayyy,trippytrappu,,"@sihksihk ppkm : remastered, oh wait...",in,0,0,0,https://twitter.com/tholayyy/status/1415966343568920579,false,,0,,,,,,,,sihksihk,Sihk,742944718523400192,,,,,,,,,,,,,,,,,,,,,,,,,,,,,,,,,,,,,,,,,,,,,,,,,,
1415966343053017000,1415966343053017090,2021-07-16 16:27:38 SE Asia Standard Time,2021-07-16,16:27:38,+0700,2340043838,unsfess_,UNS MENFESS üê≥,,-11fess  Ppkm diperpanjang ga guys? Kalau iya sampe kapan ya? Makasih,in,0,0,0,https://twitter.com/UNSfess_/status/1415966343053017090,false,,0,,,,,,,,,,,,,,,,,,,,,,,,,,,,,,,,,,,,,,,,,,,,,,,,,,,,,,,,,,,,
1415966332961493000,1415963770837291013,2021-07-16 16:27:35 SE Asia Standard Time,2021-07-16,16:27:35,+0700,914271535,bungfrankz,Bung,,"@Dennysiregar7 Itu siasat kadrun aja buat lockdown biar bisa bongkar kiri kanan , PPKM darurat aja ngeluh , dasar kancut gurun",in,0,0,0,https://twitter.com/bungfrankz/status/1415966332961492992,false,,0,,,,,,,,Dennysiregar7,Denny siregar,4780649298,,,,,,,,,,,,,,,,,,,,,,,,,,,,,,,,,,,,,,,,,,,,,,,,,,
1415966330411380700,1415962451456102401,2021-07-16 16:27:35 SE Asia Standard Time,2021-07-16,16:27:35,+0700,981937834520014800,nocturneopus9,Chopin Ho,,@thisbluemarie tapi gak guna lagi PPKM hadududu,in,0,0,0,https://twitter.com/nocturneopus9/status/1415966330411380739,false,,0,,,,,,,,thisbluemarie,ùò£ ùò™ ùò∫ ùò¢ ùò∏ùò¢ùò¨ üç£,1194105253106311169,,,,,,,,,,,,,,,,,,,,,,,,,,,,,,,,,,,,,,,,,,,,,,,,,,
1415966324304478200,1415966324304478213,2021-07-16 16:27:33 SE Asia Standard Time,2021-07-16,16:27:33,+0700,191755594,hildanrni,fayzaaaaaaaaaaaa,,PPKM = Presiden Pro Ke Megawati,in,0,0,0,https://twitter.com/hildanrni/status/1415966324304478213,false,,0,,,,,,,,,,,,,,,,,,,,,,,,,,,,,,,,,,,,,,,,,,,,,,,,,,,,,,,,,,,,
1415966318856065000,1415966318856065026,2021-07-16 16:27:32 SE Asia Standard Time,2021-07-16,16:27:32,+0700,1076823618619813900,hareudangasli,Joki Tugas Premium Apps,,"Udh tau angka covid lg tinggi, ppkm jam malam berjalan, blm lg akses jalan pada ditutup. Dan masih ada orang ngajak party?! Otaknya pada sakit",in,0,0,0,https://twitter.com/hareudangasli/status/1415966318856065026,false,,0,,,,,,,,,,,,,,,,,,,,,,,,,,,,,,,,,,,,,,,,,,,,,,,,,,,,,,,,,,,,
1415966317987864600,1415966317987864579,2021-07-16 16:27:32 SE Asia Standard Time,2021-07-16,16:27:32,+0700,1260472495100002300,jokosudarso3,jokosudarso,,#VaksinPerkuatImunitas PPKM Cegah Penyebaran,in,0,0,0,https://twitter.com/jokosudarso3/status/1415966317987864579,false,https://twitter.com/Polresta_SMD/status/1415940930868178944,0,,,,,,,,,,,,,,,vaksinperkuatimunitas,,,,,,,,,,,,,,,,,,,,,,,,,,,,,,,,,,,,,,,,,,,,,
1415966314712211500,1415966314712211456,2021-07-16 16:27:31 SE Asia Standard Time,2021-07-16,16:27:31,+0700,1220887351439659000,dafamuhamm_d,Bukan Putra Presiden,,Banyak jalan di surabaya ditutup untuk melaksanakn PPKM dan hasilnya banyak orang mengambil jalan alternatif yang menimbulkan kemacetan dan kerumunan.  Sebenarnya kinerja PPKM itu seperti apa? Menimbulkan kerumunan atau mencegah kerumunan?,in,0,0,0,https://twitter.com/dafamuhamm_d/status/1415966314712211456,false,,0,,,,,,,,,,,,,,,,,,,,,,,,,,,,,,,,,,,,,,,,,,,,,,,,,,,,,,,,,,,,
1415966305467846700,1415942935254900737,2021-07-16 16:27:29 SE Asia Standard Time,2021-07-16,16:27:29,+0700,1321377723789402000,adira_0105,AdiraüçÅ,,"@Dennysiregar7 PSBB,PPKM mau apalah namanya. Rakyat kecil mh hanya butuh makan dan kebutuhan setiap harinya tercukupi.",in,0,0,0,https://twitter.com/Adira_0105/status/1415966305467846664,false,,0,,,,,,,,Dennysiregar7,Denny siregar,4780649298,,,,,,,,,,,,,,,,,,,,,,,,,,,,,,,,,,,,,,,,,,,,,,,,,,
1415966303454601200,1415966303454601216,2021-07-16 16:27:28 SE Asia Standard Time,2021-07-16,16:27:28,+0700,988461233614372900,alifahsekaar,Ipeh,,Pls bgt ppkm jng diperpanjang lg hiks pusing bgt klo ada keluarga meninggal tp bukan krn covid,in,0,0,0,https://twitter.com/Alifahsekaar/status/1415966303454601216,false,,0,,,,,,,,,,,,,,,,,,,,,,,,,,,,,,,,,,,,,,,,,,,,,,,,,,,,,,,,,,,,
1415966288627658800,1415966288627658753,2021-07-16 16:27:25 SE Asia Standard Time,2021-07-16,16:27:25,+0700,1260472495100002300,jokosudarso3,jokosudarso,,#VaksinPerkuatImunitas PPKM Cegah Penyebaran,in,0,0,0,https://twitter.com/jokosudarso3/status/1415966288627658753,false,https://twitter.com/HumasCib/status/1415941220476461057,0,,,,,,,,,,,,,,,vaksinperkuatimunitas,,,,,,,,,,,,,,,,,,,,,,,,,,,,,,,,,,,,,,,,,,,,,
1415966286505554000,1415966286505553925,2021-07-16 16:27:24 SE Asia Standard Time,2021-07-16,16:27:24,+0700,960762778389643300,magetyyarnol,newsnusantara.com,,Bupati Berau Serahkan Bantuan PPKM Bersama¬†Forkopimda  https://t.co/fbevtmEjzf,in,0,0,0,https://twitter.com/MagetyyArnol/status/1415966286505553925,false,,0,,,,,,,,,,,,,,,,,,,https://newsnusantara.com/2021/07/16/bupati-berau-serahkan-bantuan-ppkm-bersama-forkopimda/,,,,,,,,,,,,,,,,,,,,,,,,,,,,,,,,,,,,,,,,,
1415966283120611300,1415966283120611329,2021-07-16 16:27:23 SE Asia Standard Time,2021-07-16,16:27:23,+0700,197344766,meilitaaanm,call me BABY!,,Kalo dipikir2 lagi Lebaran idul fitri = PSBB Lebaran idul adha = PPKM  Tapi pilkada...... -_- Kalo ga nyoblos malah kena sangsi!!,in,0,0,0,https://twitter.com/Meilitaaanm/status/1415966283120611329,false,,0,,,,,,,,,,,,,,,,,,,,,,,,,,,,,,,,,,,,,,,,,,,,,,,,,,,,,,,,,,,,
1415966282642387000,1415933068590784514,2021-07-16 16:27:23 SE Asia Standard Time,2021-07-16,16:27:23,+0700,1341027381641760800,caritemenjkt,teman baik,,"@LTRFESS Yok, pengen staycation gitu. Bosen kerja terus mana tiap berangkat kerja kena PPKM üò•",in,0,0,0,https://twitter.com/caritemenJKT/status/1415966282642386946,false,,0,,,,,,,,LTRFESS,LONG TERM RELATIONSHIP / ALTER,1341969867717537792,,,,,,,,,,,,,,,,,,,,,,,,,,,,,,,,,,,,,,,,,,,,,,,,,,
1415966280444571600,1415964901554618379,2021-07-16 16:27:23 SE Asia Standard Time,2021-07-16,16:27:23,+0700,613482132,hitrisyia,trissy,,@hynsnblh pengen ketemu ü•∫ü•∫ tp lagi ppkm aku juga ga boleh keluar wkwk,in,0,0,0,https://twitter.com/hitrisyia/status/1415966280444571648,false,,0,,,,,,,,hynsnblh,Haya Inas,1118914045002706944,,,,,,,,,,,,,,,,,,,,,,,,,,,,,,,,,,,,,,,,,,,,,,,,,,
1415966263898120200,1415966263898120192,2021-07-16 16:27:19 SE Asia Standard Time,2021-07-16,16:27:19,+0700,1260472495100002300,jokosudarso3,jokosudarso,,#VaksinPerkuatImunitas PPKM Cegah Penyebaran,in,0,0,0,https://twitter.com/jokosudarso3/status/1415966263898120192,false,https://twitter.com/polsekkaliwate1/status/1415941396276539394,0,,,,,,,,,,,,,,,vaksinperkuatimunitas,,,,,,,,,,,,,,,,,,,,,,,,,,,,,,,,,,,,,,,,,,,,,
1415966254557327400,1415966254557327362,2021-07-16 16:27:17 SE Asia Standard Time,2021-07-16,16:27:17,+0700,1246780559835009000,iamjackthe,why are you shy?,,Melanggar PPKM ?,in,0,0,0,https://twitter.com/iamJackthe/status/1415966254557327362,false,https://twitter.com/detikcom/status/1415725084514336772,0,,,,,,,,,,,,,,,,,,,,,,,,,,,,,,,,,,,,,,,,,,,,,,,,,,,,,,,,,,,,
1415966245006954500,1415966245006954496,2021-07-16 16:27:14 SE Asia Standard Time,2021-07-16,16:27:14,+0700,1194181404260614100,sweetgvmmy,odit,,"psbb 2020 deket, ppkm 2021 jadi pacar. HIDUP SE PLOT TWIST ITUüò≠",in,0,0,0,https://twitter.com/sweetgvmmy/status/1415966245006954496,false,,0,,,,,,,,,,,,,,,,,,,,,,,,,,,,,,,,,,,,,,,,,,,,,,,,,,,,,,,,,,,,
1415966238291886000,1415927317667352582,2021-07-16 16:27:13 SE Asia Standard Time,2021-07-16,16:27:13,+0700,1335464191147143200,jawir_solo,murtie,,"@idtodayco Kode low tersendat"" ntu TF nya x terhalang PPkm JD msh nyangkut diüòÇ",in,0,0,0,https://twitter.com/jawir_solo/status/1415966238291886080,false,,0,,,,,,,,idtodayco,IndonesiaToday,1082992095361609728,,,,,,,,,,,,,,,,,,,,,,,,,,,,,,,,,,,,,,,,,,,,,,,,,,
1415966237071351800,1415966237071351808,2021-07-16 16:27:12 SE Asia Standard Time,2021-07-16,16:27:12,+0700,1260472495100002300,jokosudarso3,jokosudarso,,#VaksinPerkuatImunitas PPKM Cegah Penyebaran,in,0,0,0,https://twitter.com/jokosudarso3/status/1415966237071351808,false,https://twitter.com/PolsekTumpaan2/status/1415941914356969473,0,,,,,,,,,,,,,,,vaksinperkuatimunitas,,,,,,,,,,,,,,,,,,,,,,,,,,,,,,,,,,,,,,,,,,,,,
1415966213671325700,1415950267732819968,2021-07-16 16:27:07 SE Asia Standard Time,2021-07-16,16:27:07,+0700,72765244,laoderendrian,Rendrian,,@dausgonia Yak benar! Haha sehat2 bro.. Nasgor tiarbah Bintaro setia menemani PPKM gw üòÇ,in,0,0,0,https://twitter.com/laoderendrian/status/1415966213671325698,false,,0,,,,,,,,dausgonia,Daus Gonia,16942848,,,,,,,,,,,,,,,,,,,,,,,,,,,,,,,,,,,,,,,,,,,,,,,,,,
1415966212782051300,1415966212782051331,2021-07-16 16:27:07 SE Asia Standard Time,2021-07-16,16:27:07,+0700,1260472495100002300,jokosudarso3,jokosudarso,,#VaksinPerkuatImunitas PPKM Cegah Penyebaran,in,0,0,0,https://twitter.com/jokosudarso3/status/1415966212782051331,false,https://twitter.com/Martin11725513/status/1415941982736707588,0,,,,,,,,,,,,,,,vaksinperkuatimunitas,,,,,,,,,,,,,,,,,,,,,,,,,,,,,,,,,,,,,,,,,,,,,
1415966210747879400,1415966210747879424,2021-07-16 16:27:06 SE Asia Standard Time,2021-07-16,16:27:06,+0700,634234093,nymsfbryn,Nyims,,Kangen masuk kantor ya allah ppkm km gamau udahan apa? :-(,in,0,0,0,https://twitter.com/nymsfbryn/status/1415966210747879424,false,,0,,,,,,,,,,,,,,,,,,,,,,,,,,,,,,,,,,,,,,,,,,,,,,,,,,,,,,,,,,,,
1415966207610552300,1415966207610552321,2021-07-16 16:27:05 SE Asia Standard Time,2021-07-16,16:27:05,+0700,1278548295292338200,dikyasa_sintang,Dikyasa Polres Sintang,,Apel ppkm  https://t.co/dt56Nh4dKX,in,0,0,0,https://twitter.com/dikyasa_sintang/status/1415966207610552321,false,,1,https://pbs.twimg.com/media/E6aFwEBUYAI24HE.jpg,,,,,,,,,,,,,,,,,,,https://pbs.twimg.com/media/E6aFwEBUYAI24HE.jpg,,,,,,,,,,,,,,,,,,,,,,,,,,,,,,,,,,,,,,,,
1415966193735716900,1415926712731258883,2021-07-16 16:27:02 SE Asia Standard Time,2021-07-16,16:27:02,+0700,2558986316,singglefighters,PPKM_WML üôè ‚òòÔ∏èLuckywinüçÄ,,@crypto_bearr @CompBrosCrypto Done,en,0,0,0,https://twitter.com/SinggleFighters/status/1415966193735716866,false,,0,,,,,,,,crypto_bearr,CryptoüöÄRocket,7173232,,,,,,,,,,,CompBrosCrypto,Competitive Brothers CRYPTOüöÄ,3436041177,,,,,,,,,,,,,,,,,,,,,,,,,,,,,,,,,,,,,
1415966192934682600,1415966192934682628,2021-07-16 16:27:02 SE Asia Standard Time,2021-07-16,16:27:02,+0700,366002134,siska_ifana,Sis‚ú®,,Lg pengen kerang tumpah tapi gak bisa kesana ppkmüò≠üò≠  https://t.co/XhW2JnbxJX,in,0,0,0,https://twitter.com/siska_ifana/status/1415966192934682628,false,,1,https://pbs.twimg.com/media/E6aFvKTVUAAHOpT.jpg,,,,,,,,,,,,,,,,,,,https://pbs.twimg.com/media/E6aFvKTVUAAHOpT.jpg,,,,,,,,,,,,,,,,,,,,,,,,,,,,,,,,,,,,,,,,
1415966192754253800,1415966192754253824,2021-07-16 16:27:02 SE Asia Standard Time,2021-07-16,16:27:02,+0700,1260472495100002300,jokosudarso3,jokosudarso,,#VaksinPerkuatImunitas PPKM Cegah Penyebaran,in,0,0,0,https://twitter.com/jokosudarso3/status/1415966192754253824,false,https://twitter.com/Martin11725513/status/1415941983013535750,0,,,,,,,,,,,,,,,vaksinperkuatimunitas,,,,,,,,,,,,,,,,,,,,,,,,,,,,,,,,,,,,,,,,,,,,,
1415966178665660400,1415966178665660423,2021-07-16 16:26:59 SE Asia Standard Time,2021-07-16,16:26:59,+0700,180696019,sonorafm92,Radio Sonora Jakarta,,"16.20 #LalinSONORA  #Tol_Japek Cikarang Barat KM 28 - KM 31 arah Cikampek PADAT, DIBERLAKUKAN penyekatan PPKM Darurat. ; Cikarang Barat KM 30 - KM 28 arah Jakarta PADAT, ada Perbaikan jalan di lajur 1-2/kiri dan bahu jalan. @PTJASAMARGA",in,0,0,0,https://twitter.com/SonoraFM92/status/1415966178665660423,false,,0,,,,,,,,,,,,,,,lalinsonora,ptjasamarga,pt. jasamarga,540625251,,,,,,tol_japek,,,,,,,,,,,,,,,,,,,,,,,,,,,,,,,,,,,,
1415966171174621200,1415966171174621185,2021-07-16 16:26:57 SE Asia Standard Time,2021-07-16,16:26:57,+0700,1260472495100002300,jokosudarso3,jokosudarso,,#VaksinPerkuatImunitas PPKM Cegah Penyebaran,in,0,0,0,https://twitter.com/jokosudarso3/status/1415966171174621185,false,https://twitter.com/PolsekTumpaan2/status/1415941997123182592,0,,,,,,,,,,,,,,,vaksinperkuatimunitas,,,,,,,,,,,,,,,,,,,,,,,,,,,,,,,,,,,,,,,,,,,,,
1415966164526637000,1415966164526637059,2021-07-16 16:26:55 SE Asia Standard Time,2021-07-16,16:26:55,+0700,77727013,babemude,annas nash,,"Terdampak PPKM Darurat, Polres Majalengka Sebar Sembako untuk Warga dan Isoman  https://t.co/WcxdXcGt7q",in,0,0,0,https://twitter.com/BabeMude/status/1415966164526637059,false,,0,,,,,,,,,,,,,,,,,,,"http://www.tintahijau.com/megapolitan/ragam/27657-terdampak-ppkm-darurat,-polres-majalengka-sebar-sembako-untuk-warga-dan-isoman",,,,,,,,,,,,,,,,,,,,,,,,,,,,,,,,,,,,,,,,,
1415966150681251800,1415966150681251845,2021-07-16 16:26:52 SE Asia Standard Time,2021-07-16,16:26:52,+0700,1260472495100002300,jokosudarso3,jokosudarso,,#VaksinPerkuatImunitas PPKM Cegah Penyebaran,in,0,0,0,https://twitter.com/jokosudarso3/status/1415966150681251845,false,https://twitter.com/Martin11725513/status/1415942048021061632,0,,,,,,,,,,,,,,,vaksinperkuatimunitas,,,,,,,,,,,,,,,,,,,,,,,,,,,,,,,,,,,,,,,,,,,,,
1415966129697132500,1415966129697132545,2021-07-16 16:26:47 SE Asia Standard Time,2021-07-16,16:26:47,+0700,811813201188778000,tjapdjaek,argh,,Setelah ppkm semoga pada tambah sakti,in,0,0,0,https://twitter.com/tjapdjaek/status/1415966129697132545,false,,0,,,,,,,,,,,,,,,,,,,,,,,,,,,,,,,,,,,,,,,,,,,,,,,,,,,,,,,,,,,,
1415966126752759800,1415966126752759812,2021-07-16 16:26:46 SE Asia Standard Time,2021-07-16,16:26:46,+0700,1286583031172485000,mojarelaa,bubungggüê£,,"kalo lagi PPKM gini emang paling bener belanja di e-commerce, mana pake @anteraja_id cepet banget sampe rumah. tercinta deh, jadi solusi banget belanja dari rumah semenjak expedisi yg cocok. Semangattt PPKM, stay safe semua yaaa!!",in,0,0,0,https://twitter.com/mojarelaa/status/1415966126752759812,false,,0,,,,,,,,,,,,,,,,anteraja_id,anteraja.id,1050727225866125312,,,,,,,,,,,,,,,,,,,,,,,,,,,,,,,,,,,,,,,,,,
1415966125309915100,1415966125309915139,2021-07-16 16:26:46 SE Asia Standard Time,2021-07-16,16:26:46,+0700,1260472495100002300,jokosudarso3,jokosudarso,,#VaksinPerkuatImunitas PPKM Cegah Penyebaran,in,0,0,0,https://twitter.com/jokosudarso3/status/1415966125309915139,false,https://twitter.com/Martin11725513/status/1415942070326292481,0,,,,,,,,,,,,,,,vaksinperkuatimunitas,,,,,,,,,,,,,,,,,,,,,,,,,,,,,,,,,,,,,,,,,,,,,
1415966104610959400,1415966104610959360,2021-07-16 16:26:41 SE Asia Standard Time,2021-07-16,16:26:41,+0700,1260472495100002300,jokosudarso3,jokosudarso,,#VaksinPerkuatImunitas PPKM Cegah Penyebaran,in,0,0,0,https://twitter.com/jokosudarso3/status/1415966104610959360,false,https://twitter.com/Martin11725513/status/1415942146910081028,0,,,,,,,,,,,,,,,vaksinperkuatimunitas,,,,,,,,,,,,,,,,,,,,,,,,,,,,,,,,,,,,,,,,,,,,,
1415966099829530600,1415966099829530626,2021-07-16 16:26:40 SE Asia Standard Time,2021-07-16,16:26:40,+0700,1007998976,rthpp,ü¶î,,Tidak nganu pkm karena ppkm,in,0,0,0,https://twitter.com/rthpp/status/1415966099829530626,false,,0,,,,,,,,,,,,,,,,,,,,,,,,,,,,,,,,,,,,,,,,,,,,,,,,,,,,,,,,,,,,
1415966087246610400,1415966087246610434,2021-07-16 16:26:37 SE Asia Standard Time,2021-07-16,16:26:37,+0700,1260472495100002300,jokosudarso3,jokosudarso,,#VaksinPerkuatImunitas PPKM Cegah Penyebaran,in,0,0,0,https://twitter.com/jokosudarso3/status/1415966087246610434,false,https://twitter.com/Martin11725513/status/1415942174168911875,0,,,,,,,,,,,,,,,vaksinperkuatimunitas,,,,,,,,,,,,,,,,,,,,,,,,,,,,,,,,,,,,,,,,,,,,,
1415966071211716600,1415966071211716612,2021-07-16 16:26:33 SE Asia Standard Time,2021-07-16,16:26:33,+0700,2952183642,bareskrimcom,m-Bareskrim,,Polda Sumut Sebar 5.000 Brosur Imbauan Patuhi PPKM Darurat dari Udara  https://t.co/V4sKHjilBd  https://t.co/TMDk7nr2EH,in,0,0,0,https://twitter.com/bareskrimcom/status/1415966071211716612,false,,1,https://pbs.twimg.com/media/E6aFo1tVoAEM8OI.jpg,,,,,,,,,,,,,,,,,,http://dlvr.it/S3r3Jg,https://pbs.twimg.com/media/E6aFo1tVoAEM8OI.jpg,,,,,,,,,,,,,,,,,,,,,,,,,,,,,,,,,,,,,,,,
1415966070687428600,1415966070687428617,2021-07-16 16:26:33 SE Asia Standard Time,2021-07-16,16:26:33,+0700,2816583266,kelmalabar,kelmalabar,,"Lurah Malabar Kecamatan Lengkong, Ibu Roaida Thalib, SE., M.AP mengikuti Rapat Terbatas Virtual Evaluasi PPKM Darurat di Kota Bandung. (Jum'at, 16 Juli 2021)  @OdedMD @kangyanamulyana @emadisyanjak @halo_bandung @keclengkong @diskominfojabar @DiskominfoBdg @siti_odedMD  https://t.co/8Znvc30F7x",in,0,0,0,https://twitter.com/kelmalabar/status/1415966070687428617,false,,1,https://pbs.twimg.com/media/E6aFotfVoAAcRkE.jpg,,,,,,,,,,,,,,,odedmd,oded muhamad danial,1319572040,,https://pbs.twimg.com/media/E6aFotfVoAAcRkE.jpg,,,,,kangyanamulyana,yana mulyana,958158976260046848,emadisyanjak,ema sumarna,710386703970603008,halo_bandung,prokopim kota bandung,1933882213,keclengkong,kecamatan lengkong,2373946376,diskominfojabar,diskominfo jabar,187741208,diskominfobdg,diskominfo kota bdg,823828956117757953,siti_odedmd,siti muntamah oded,981296772,,,,,,,,,,,,,,,
1415966070209351700,1415966070209351686,2021-07-16 16:26:33 SE Asia Standard Time,2021-07-16,16:26:33,+0700,920437947173814300,ridwansendiri27,ridwanariprahman,,Sultan bagi bagi uang  https://t.co/FhZXDLIolx PPKM cegah penyebaran,in,0,0,0,https://twitter.com/ridwansendiri27/status/1415966070209351686,false,,0,,,,,,,,,,,,,,,,,,,https://youtu.be/rwONF8iKjyg,,,,,,,,,,,,,,,,,,,,,,,,,,,,,,,,,,,,,,,,,
1415966069727010800,1415966069727010817,2021-07-16 16:26:33 SE Asia Standard Time,2021-07-16,16:26:33,+0700,1260472495100002300,jokosudarso3,jokosudarso,,#VaksinPerkuatImunitas PPKM Cegah Penyebaran,in,0,0,0,https://twitter.com/jokosudarso3/status/1415966069727010817,false,https://twitter.com/Martin11725513/status/1415942235086938114,0,,,,,,,,,,,,,,,vaksinperkuatimunitas,,,,,,,,,,,,,,,,,,,,,,,,,,,,,,,,,,,,,,,,,,,,,
1415966051142029300,1415966051142029313,2021-07-16 16:26:28 SE Asia Standard Time,2021-07-16,16:26:28,+0700,1260472495100002300,jokosudarso3,jokosudarso,,#VaksinPerkuatImunitas PPKM Cegah Penyebaran,in,0,0,0,https://twitter.com/jokosudarso3/status/1415966051142029313,false,https://twitter.com/Martin11725513/status/1415942253764235265,0,,,,,,,,,,,,,,,vaksinperkuatimunitas,,,,,,,,,,,,,,,,,,,,,,,,,,,,,,,,,,,,,,,,,,,,,
1415966049275572200,1415965376450424834,2021-07-16 16:26:28 SE Asia Standard Time,2021-07-16,16:26:28,+0700,3055783406,wibusenja,salmonsushi,,@sihksihk ppkm vol.2,in,0,0,0,https://twitter.com/wibusenja/status/1415966049275572227,false,,0,,,,,,,,sihksihk,Sihk,742944718523400192,,,,,,,,,,,,,,,,,,,,,,,,,,,,,,,,,,,,,,,,,,,,,,,,,,
1415966033316257800,1415965376450424834,2021-07-16 16:26:24 SE Asia Standard Time,2021-07-16,16:26:24,+0700,4643254795,rwdw11,Salehi Takhasomi,,"@sihksihk ppkm , uncut version",in,0,0,1,https://twitter.com/rwdw11/status/1415966033316257792,false,,0,,,,,,,,sihksihk,Sihk,742944718523400192,,,,,,,,,,,,,,,,,,,,,,,,,,,,,,,,,,,,,,,,,,,,,,,,,,
1415966033098133500,1415959915596681216,2021-07-16 16:26:24 SE Asia Standard Time,2021-07-16,16:26:24,+0700,1085153222,arinatanaels,arinatanaels,,"@SantorinisSun @KanjengRadeen Bener Bang...kemane aje wkt pemerintah menghimbau jangan mudik, jangan berkerumun &amp; pake masker... skrg aja,minta dicabut PPKM gak kesian sama Nakes??",in,0,0,0,https://twitter.com/arinatanaels/status/1415966033098133516,false,,0,,,,,,,,SantorinisSun,Santorini‚òÄÔ∏è,980685208969031680,,,,,,,,,,,KanjengRadeen,üî∞KanjengRaden‚Ñ¢,960248512108576768,,,,,,,,,,,,,,,,,,,,,,,,,,,,,,,,,,,,,
1415966029394550800,1415966029394550784,2021-07-16 16:26:23 SE Asia Standard Time,2021-07-16,16:26:23,+0700,1376882427184881700,marfuahmrfh,Mrfh20,,"PPKM susah kemana mana, jadi aku harus belanja online. Dan untung ada @anteraja_id yang mengantar paket dengan aman sampai kerumah",in,0,0,0,https://twitter.com/MarfuahMrfh/status/1415966029394550784,false,,0,,,,,,,,,,,,,,,,anteraja_id,anteraja.id,1050727225866125312,,,,,,,,,,,,,,,,,,,,,,,,,,,,,,,,,,,,,,,,,,
1415966026919923700,1415966026919923716,2021-07-16 16:26:22 SE Asia Standard Time,2021-07-16,16:26:22,+0700,1260472495100002300,jokosudarso3,jokosudarso,,#VaksinPerkuatImunitas PPKM Cegah Penyebaran,in,0,0,0,https://twitter.com/jokosudarso3/status/1415966026919923716,false,https://twitter.com/bogor_caringin/status/1415942268050042884,0,,,,,,,,,,,,,,,vaksinperkuatimunitas,,,,,,,,,,,,,,,,,,,,,,,,,,,,,,,,,,,,,,,,,,,,,
1415966001439461400,1415966001439461380,2021-07-16 16:26:16 SE Asia Standard Time,2021-07-16,16:26:16,+0700,1260472495100002300,jokosudarso3,jokosudarso,,#VaksinPerkuatImunitas PPKM Cegah Penyebaran,in,0,0,0,https://twitter.com/jokosudarso3/status/1415966001439461380,false,https://twitter.com/Polresta_SMD/status/1415942299004006405,0,,,,,,,,,,,,,,,vaksinperkuatimunitas,,,,,,,,,,,,,,,,,,,,,,,,,,,,,,,,,,,,,,,,,,,,,
1415965970317729800,1415965970317729792,2021-07-16 16:26:09 SE Asia Standard Time,2021-07-16,16:26:09,+0700,2251383210,ahmadnormaulana,Ahmad Nor Maulana Af,,Kapolri Ingin Distribusi Bantuan Warga Terdampak PPKM Darurat Dipercepat  https://t.co/5rNvJk8iRB  https://t.co/rX55nG7Eq1,in,0,0,0,https://twitter.com/AhmadNorMaulana/status/1415965970317729792,false,,1,https://pbs.twimg.com/media/E6aFi-uVEAIrtoU.jpg,,,,,,,,,,,,,,,,,,http://dlvr.it/S3r39T,https://pbs.twimg.com/media/E6aFi-uVEAIrtoU.jpg,,,,,,,,,,,,,,,,,,,,,,,,,,,,,,,,,,,,,,,,
1415965961174151200,1415965961174151168,2021-07-16 16:26:07 SE Asia Standard Time,2021-07-16,16:26:07,+0700,1317620350046195700,benjamitn,chococip,,PPKM INI TOT MAKSA BGT AJGGGGGG MAU AKU SAKIT KAH,in,0,0,0,https://twitter.com/benjamitn/status/1415965961174151168,false,https://twitter.com/benjamitn/status/1415965778344431619,0,,,,,,,,,,,,,,,,,,,,,,,,,,,,,,,,,,,,,,,,,,,,,,,,,,,,,,,,,,,,
1415965959370645500,1415965959370645507,2021-07-16 16:26:06 SE Asia Standard Time,2021-07-16,16:26:06,+0700,456426648,merdekadotcom,Merdeka.com,,"Kapolri Ingin Distribusi Bantuan Warga Terdampak PPKM Darurat Dipercepat: Namun, di sisi lain, kebijakan ini diambil pemerintah untuk menekan laju kasus Covid-19 dan menurunkan angka keterisian rumah sakit.  https://t.co/DZcNNNYob4",in,0,0,1,https://twitter.com/merdekadotcom/status/1415965959370645507,false,,0,,,,,,,,,,,,,,,,,,,http://dlvr.it/S3r36K,,,,,,,,,,,,,,,,,,,,,,,,,,,,,,,,,,,,,,,,,
1415965957932028000,1415793156214427649,2021-07-16 16:26:06 SE Asia Standard Time,2021-07-16,16:26:06,+0700,1360227121503690800,jino87692533,Jino,,@B3L4H4N_JIWA Lagi PPKM kakü§≠ü§≠,in,0,0,0,https://twitter.com/Jino87692533/status/1415965957932027906,false,,0,,,,,,,,B3L4H4N_JIWA,üáÆüá©NCUS-NYA-KAMUüáÆüá©,1004873472626122752,,,,,,,,,,,,,,,,,,,,,,,,,,,,,,,,,,,,,,,,,,,,,,,,,,
1415965952127115300,1415965952127115265,2021-07-16 16:26:05 SE Asia Standard Time,2021-07-16,16:26:05,+0700,21186392,andreopa,OPA,,"Kabar PPKM Diperpanjang sampai Tanggal 2 Agustus Ditepis, Ini Kata Polisi  https://t.co/VBnX1Y2kFr",in,0,0,0,https://twitter.com/andreOPA/status/1415965952127115265,false,,0,,,,,,,,,,,,,,,,,,,http://detik.id/6zAsio,,,,,,,,,,,,,,,,,,,,,,,,,,,,,,,,,,,,,,,,,
1415965948025008000,1415965948025008128,2021-07-16 16:26:04 SE Asia Standard Time,2021-07-16,16:26:04,+0700,1260472495100002300,jokosudarso3,jokosudarso,,#VaksinPerkuatImunitas PPKM Cegah Penyebaran,in,0,0,0,https://twitter.com/jokosudarso3/status/1415965948025008128,false,https://twitter.com/bogor_caringin/status/1415942332893908992,0,,,,,,,,,,,,,,,vaksinperkuatimunitas,,,,,,,,,,,,,,,,,,,,,,,,,,,,,,,,,,,,,,,,,,,,,
1415965945604960300,1415965945604960257,2021-07-16 16:26:03 SE Asia Standard Time,2021-07-16,16:26:03,+0700,414587785,erinrin1211,Erinaüí´,,ini beneran gaksi ppkm di perpanjang? udah suntuk bgttü•∫,in,0,0,0,https://twitter.com/erinrin1211/status/1415965945604960257,false,,0,,,,,,,,,,,,,,,,,,,,,,,,,,,,,,,,,,,,,,,,,,,,,,,,,,,,,,,,,,,,
1415965943021195300,1415965943021195264,2021-07-16 16:26:02 SE Asia Standard Time,2021-07-16,16:26:02,+0700,227320530,hipohan,Lukman Simandjuntak,,PPKM   (Dulu) Pernah Percaya Kemudian Menyesal (Sekarang) Perut Perih Kurang Makan (Akhirnya) Pelan Pelan Kita Mati,in,1,0,3,https://twitter.com/hipohan/status/1415965943021195264,false,,0,,,,,,,,,,,,,,,,,,,,,,,,,,,,,,,,,,,,,,,,,,,,,,,,,,,,,,,,,,,,
1415965937249960000,1415965937249959936,2021-07-16 16:26:01 SE Asia Standard Time,2021-07-16,16:26:01,+0700,180696019,sonorafm92,Radio Sonora Jakarta,,#InfoSonora  Berikut Mekanisme Pelaksanaan Pelayanan Penerbitan SIM di Satpas Polda Metro Jaya dalam Masa Pemberlakuan PPKM Darurat.   Via @TMCPoldaMetro  https://t.co/go2nK4egnT,in,0,0,0,https://twitter.com/SonoraFM92/status/1415965937249959936,false,,1,https://pbs.twimg.com/media/E6aFg9wXMAA1-ZC.jpg,,,,,,,,,,,,,,infosonora,tmcpoldametro,tmc polda metro jaya,76647722,,https://pbs.twimg.com/media/E6aFg9wXMAA1-ZC.jpg,,,,,,,,,,,,,,,,,,,,,,,,,,,,,,,,,,,,,,,,
1415965925929472000,1415965925929472000,2021-07-16 16:25:58 SE Asia Standard Time,2021-07-16,16:25:58,+0700,1387746751830904800,niusernamme,jer,,ppkm : pelan pelan kamu menjauh   yhaa,in,0,0,0,https://twitter.com/niusernamme/status/1415965925929472000,false,https://twitter.com/gvnkyd/status/1415920462312267776,0,,,,,,,,,,,,,,,,,,,,,,,,,,,,,,,,,,,,,,,,,,,,,,,,,,,,,,,,,,,,
1415965923454771200,1415965923454771205,2021-07-16 16:25:58 SE Asia Standard Time,2021-07-16,16:25:58,+0700,621693224,ziahlovaa,Dina Adhani Fauziah,,"Kerja, kerja, kerja Gk kerja, gaada duit Gaada duit, gk gajian  -mybos2021  #PPKM #WFH",in,0,0,0,https://twitter.com/ziahlovaa/status/1415965923454771205,false,,0,,,,,,,,,,,,,,,ppkm,,,,,,,,,wfh,,,,,,,,,,,,,,,,,,,,,,,,,,,,,,,,,,,,
1415965921324126200,1415965921324126209,2021-07-16 16:25:57 SE Asia Standard Time,2021-07-16,16:25:57,+0700,1260472495100002300,jokosudarso3,jokosudarso,,#VaksinPerkuatImunitas PPKM Cegah Penyebaran,in,0,0,0,https://twitter.com/jokosudarso3/status/1415965921324126209,false,https://twitter.com/Martin11725513/status/1415942401017794566,0,,,,,,,,,,,,,,,vaksinperkuatimunitas,,,,,,,,,,,,,,,,,,,,,,,,,,,,,,,,,,,,,,,,,,,,,
1415965904639197200,1415965904639197189,2021-07-16 16:25:53 SE Asia Standard Time,2021-07-16,16:25:53,+0700,1386346349424124000,monti83715719,NgedemPikir üå¥,,Selama ppkm ni kalian sudah jual pa ja buat kebutuhan sehari2.,in,0,0,0,https://twitter.com/monti83715719/status/1415965904639197189,false,,0,,,,,,,,,,,,,,,,,,,,,,,,,,,,,,,,,,,,,,,,,,,,,,,,,,,,,,,,,,,,
1415965901556379600,1415914436380946437,2021-07-16 16:25:52 SE Asia Standard Time,2021-07-16,16:25:52,+0700,395275124,suhar11,Harso Subekti,,@poignant_dreams Koq PPKM masih bisa travelling? ü§îü§î...,in,0,0,0,https://twitter.com/suhar11/status/1415965901556379648,false,,0,,,,,,,,poignant_dreams,naura hakim,1382187934539943940,,,,,,,,,,,,,,,,,,,,,,,,,,,,,,,,,,,,,,,,,,,,,,,,,,
1415965895881416700,1415965895881416706,2021-07-16 16:25:51 SE Asia Standard Time,2021-07-16,16:25:51,+0700,1383415284405457000,lampungvisual6,Lampungvisual,,"Puan mengingatkan, PPKM Darurat harus benar-benar digunakan sebagai momentum mengerem laju kasus Covid-19 dan mencegah sebanyak mungkin kematian karena wabah. |  https://t.co/mgsOb6riqn  https://t.co/CgPJuJZ9ac",in,0,0,0,https://twitter.com/Lampungvisual6/status/1415965895881416706,false,,0,,,,,,,,,,,,,,,,,,,http://lampungvisual.com,,,,,,,,,,,,,,,,,,,,,,,,,,,https://www.lampungvisual.com/imbangi-solidaritas-rakyat-buktikan-ppkm-darurat-mampu-tekan-laju-penularan-covid-19/,,,,,,,,,,,,,,
1415965876835082200,1415965876835082240,2021-07-16 16:25:47 SE Asia Standard Time,2021-07-16,16:25:47,+0700,1260472495100002300,jokosudarso3,jokosudarso,,#VaksinPerkuatImunitas PPKM Cegah Penyebaran,in,0,0,0,https://twitter.com/jokosudarso3/status/1415965876835082240,false,https://twitter.com/Martin11725513/status/1415942480139145218,0,,,,,,,,,,,,,,,vaksinperkuatimunitas,,,,,,,,,,,,,,,,,,,,,,,,,,,,,,,,,,,,,,,,,,,,,
1415965859449692200,1415675220321390604,2021-07-16 16:25:42 SE Asia Standard Time,2021-07-16,16:25:42,+0700,893843322501857300,saidbisri,Name cannot be blank,,"@mohmahfudmd Iya karena gaji bapak mengalir terus mau PPKM kek mau Lockdown kek, lah kita2 yang tempat usahanya ditutup gimana? Tempat usaha ditutup makan harus setiap hari bayar kontrakan jalan terus tapi kami tidak bisa bekerja..",in,0,0,0,https://twitter.com/SaidBisri/status/1415965859449692165,false,,0,,,,,,,,mohmahfudmd,Mahfud MD,282006208,,,,,,,,,,,,,,,,,,,,,,,,,,,,,,,,,,,,,,,,,,,,,,,,,,
1415965850859806700,1415965850859806720,2021-07-16 16:25:40 SE Asia Standard Time,2021-07-16,16:25:40,+0700,1260472495100002300,jokosudarso3,jokosudarso,,#VaksinPerkuatImunitas PPKM Cegah Penyebaran,in,0,0,0,https://twitter.com/jokosudarso3/status/1415965850859806720,false,https://twitter.com/Martin11725513/status/1415942517992804352,0,,,,,,,,,,,,,,,vaksinperkuatimunitas,,,,,,,,,,,,,,,,,,,,,,,,,,,,,,,,,,,,,,,,,,,,,
1415965837723271200,1415823549290356738,2021-07-16 16:25:37 SE Asia Standard Time,2021-07-16,16:25:37,+0700,89893826,wafaplayground,Wafa,,@soeji__ @Kupunyaakun1 PPKM Darurat Max Pro S,in,0,0,0,https://twitter.com/wafaplayground/status/1415965837723271171,false,,0,,,,,,,,soeji__,Jimmy,389205240,,,,,,,,,,,Kupunyaakun1,nizar_sh,1100292295125958657,,,,,,,,,,,,,,,,,,,,,,,,,,,,,,,,,,,,,
1415965813287178200,1415965813287178243,2021-07-16 16:25:31 SE Asia Standard Time,2021-07-16,16:25:31,+0700,1260472495100002300,jokosudarso3,jokosudarso,,#VaksinPerkuatImunitas PPKM Cegah Penyebaran,in,0,0,0,https://twitter.com/jokosudarso3/status/1415965813287178243,false,https://twitter.com/bogor_caringin/status/1415942618677055491,0,,,,,,,,,,,,,,,vaksinperkuatimunitas,,,,,,,,,,,,,,,,,,,,,,,,,,,,,,,,,,,,,,,,,,,,,
1415965812045717500,1415902713557127172,2021-07-16 16:25:31 SE Asia Standard Time,2021-07-16,16:25:31,+0700,226838378,andijafits,Andi Jafits Luster R,,@irfanachmad1219 PPKM = PAK PRESIDEN KAPAN MUNDUR?,in,0,0,0,https://twitter.com/andijafits/status/1415965812045717505,false,,0,,,,,,,,irfanachmad1219,Fan,1117364243542597632,,,,,,,,,,,,,,,,,,,,,,,,,,,,,,,,,,,,,,,,,,,,,,,,,,
1415965790113697800,1415965790113697799,2021-07-16 16:25:26 SE Asia Standard Time,2021-07-16,16:25:26,+0700,1260472495100002300,jokosudarso3,jokosudarso,,#VaksinPerkuatImunitas PPKM Cegah Penyebaran,in,0,0,0,https://twitter.com/jokosudarso3/status/1415965790113697799,false,https://twitter.com/bogor_caringin/status/1415942622108033029,0,,,,,,,,,,,,,,,vaksinperkuatimunitas,,,,,,,,,,,,,,,,,,,,,,,,,,,,,,,,,,,,,,,,,,,,,
1415965781939015700,1415965781939015681,2021-07-16 16:25:24 SE Asia Standard Time,2021-07-16,16:25:24,+0700,79089606,dnaprln,aprilian,,"""Pokoknya PSBB selesai gue mau nongkrong sepuasnya."" *tiap liat tempat rame males masuk. **Kemudian PPKM dimulai.  ***Dari zaman PSBB-PPKM gue gak nongkrong dimana-mana.  ****Dan gue berjanji, ""Selesai PPKM gue bakal nongkrong sepuasnya"".",in,0,0,0,https://twitter.com/dnaprln/status/1415965781939015681,false,,0,,,,,,,,,,,,,,,,,,,,,,,,,,,,,,,,,,,,,,,,,,,,,,,,,,,,,,,,,,,,
1415965776700342300,1415965776700342273,2021-07-16 16:25:23 SE Asia Standard Time,2021-07-16,16:25:23,+0700,39447003,charisshaf,Risa,,"Dibikin overthinking sm PPKM, ngga bisa ke mana2.. ngga bisa peluk kamu üòøüòø",in,0,0,0,https://twitter.com/charisshaf/status/1415965776700342273,false,,0,,,,,,,,,,,,,,,,,,,,,,,,,,,,,,,,,,,,,,,,,,,,,,,,,,,,,,,,,,,,
1415965775232311300,1415965775232311296,2021-07-16 16:25:22 SE Asia Standard Time,2021-07-16,16:25:22,+0700,890837240,voeloenk_,Voeloenk,,"Motor kalo lagi enak banget dipakenya maunya ngegas terus, ga kerasa tau2 115 aja. Ah, sayang lagi ppkm",in,0,0,0,https://twitter.com/voeloenk_/status/1415965775232311296,false,,0,,,,,,,,,,,,,,,,,,,,,,,,,,,,,,,,,,,,,,,,,,,,,,,,,,,,,,,,,,,,
1415965762976501800,1415965762976501763,2021-07-16 16:25:19 SE Asia Standard Time,2021-07-16,16:25:19,+0700,1220597931180318700,mutiara1277,EndahMutiara1277,,"Dengan adanya Corona yang tidak kunjung selesai. Rakyat kecil yang kena imbasnya..udah lockdown ppkm kurang makan karena ppkm berkerja pun terhenti anak pun bisa kurang gizi, kami menangis hanya bisa pasrah. Tak ada seorang pun yang bisa menolong anak pun gak bisa pulang Krn ppkm",in,0,0,0,https://twitter.com/mutiara1277/status/1415965762976501763,false,,0,,,,,,,,,,,,,,,,,,,,,,,,,,,,,,,,,,,,,,,,,,,,,,,,,,,,,,,,,,,,
1415965756731183000,1415965756731183104,2021-07-16 16:25:18 SE Asia Standard Time,2021-07-16,16:25:18,+0700,1260472495100002300,jokosudarso3,jokosudarso,,#VaksinPerkuatImunitas PPKM Cegah Penyebaran,in,0,0,0,https://twitter.com/jokosudarso3/status/1415965756731183104,false,https://twitter.com/Martin11725513/status/1415942654378921984,0,,,,,,,,,,,,,,,vaksinperkuatimunitas,,,,,,,,,,,,,,,,,,,,,,,,,,,,,,,,,,,,,,,,,,,,,
1415965755561025500,1415965359400620032,2021-07-16 16:25:18 SE Asia Standard Time,2021-07-16,16:25:18,+0700,1338242974379995100,jujuchizu,tali,,"@subschfess kalo lgi ppkm dn pandemi gini, offline lebi berisiko",in,0,0,0,https://twitter.com/jujuchizu/status/1415965755561025537,false,,0,,,,,,,,subschfess,FOLLOW @SCHCAMPUS‚ÄºÔ∏è,1244113314398875649,,,,,,,,,,,,,,,,,,,,,,,,,,,,,,,,,,,,,,,,,,,,,,,,,,
1415965750251065300,1415965750251065348,2021-07-16 16:25:16 SE Asia Standard Time,2021-07-16,16:25:16,+0700,983530586508673000,kodimbone,kodimbone,,"Anggota Koramil 1407-14/Libureng Laksanakan patroli PPKM, edukasi dan sosialisasi penerapan prokes kepada masyarakat di pasar tradisional Tanabatue, Kec. Libureng, Kab. Bone. #pendamhasanuddin #kodamhasanuddin #dispenad #dispenadtniad #mabesad #mabestni  https://t.co/K1oHflzJrZ",in,0,0,0,https://twitter.com/kodimbone/status/1415965750251065348,false,,1,https://pbs.twimg.com/media/E6aFTrTUcAcWvuh.jpg,,,,,,,,,,,,,,pendamhasanuddin,,,,,https://pbs.twimg.com/media/E6aFTrTUcAcWvuh.jpg,,,,kodamhasanuddin,,,,,,,,,,,,,,,,,,,,,,,https://pbs.twimg.com/media/E6aFUdLVgAQZtHe.jpg,dispenad,dispenadtniad,mabesad,mabestni,,,,,,,,,
1415965745587003400,1415965745587003393,2021-07-16 16:25:15 SE Asia Standard Time,2021-07-16,16:25:15,+0700,1152437175587242000,sbyfess,ü¶à SUROBOYOFESS üêä,,Selamat sore korban PPKM -rek Pelarian Pas Kegabutan Mereka üòä,in,0,0,1,https://twitter.com/sbyfess/status/1415965745587003393,false,,0,,,,,,,,,,,,,,,,,,,,,,,,,,,,,,,,,,,,,,,,,,,,,,,,,,,,,,,,,,,,
1415965737743646700,1415588351545987076,2021-07-16 16:25:13 SE Asia Standard Time,2021-07-16,16:25:13,+0700,1115137423200014300,mochtvrfacker,ùìîùìµ ùìëùì™ùìªùìΩùì∏,,@revanheryan08 @ududusx @bangunjam6pagi @AfifFuadS @officialULM Bener banget. Wabah akan terkendali kalo rakyatnya macam di Korea Selatan dan di Jepang yang dapet bantuan pangan saat lockdown sama pemerintah..  PPKM tu istilahnya lockdown yang pemerintahnya gak mau ngeluarin uang buat kasih bantuan ke warganya. Sekalinya ada juga dikorupsi.,in,0,0,0,https://twitter.com/mochtvrfacker/status/1415965737743646723,false,,0,,,,,,,,revanheryan08,supir taxi,1709855797,,,,,,,,,,,ududusx,‚ó°Ãà,3276523922,,,,,,,,,,,,,,,,,,,,,,,,,,,,,bangunjam6pagi,bangun tidur kuterus mandi,993242606,AfifFuadS,Afif Fuad Saidi,787409165593436160,officialULM,Universitas Lambung Mangkurat (ULM),1138639000283955200
1415965736510443500,1415965736510443522,2021-07-16 16:25:13 SE Asia Standard Time,2021-07-16,16:25:13,+0700,1257524295820996600,jooo_then,jonathan_then,,"abis ppkm udahan, lu mau kemana?",in,0,0,0,https://twitter.com/jooo_then/status/1415965736510443522,false,,0,,,,,,,,,,,,,,,,,,,,,,,,,,,,,,,,,,,,,,,,,,,,,,,,,,,,,,,,,,,,
