id,conversation_id,created_at,date,time,timezone,user_id,username,name,place,tweet,language,urls/0,replies_count,retweets_count,likes_count,link,retweet,quote_url,video,thumbnail,near,geo,source,user_rt_id,user_rt,retweet_id,retweet_date,translate,trans_src,trans_dest,reply_to/0/screen_name,reply_to/0/name,reply_to/0/id,hashtags/0,hashtags/1,hashtags/2,hashtags/3,hashtags/4,hashtags/5,hashtags/6,hashtags/7,hashtags/8,hashtags/9,hashtags/10,hashtags/11,mentions/0/screen_name,mentions/0/name,mentions/0/id,mentions/1/screen_name,mentions/1/name,mentions/1/id,reply_to/1/screen_name,reply_to/1/name,reply_to/1/id,reply_to/2/screen_name,reply_to/2/name,reply_to/2/id,reply_to/3/screen_name,reply_to/3/name,reply_to/3/id,photos/0,photos/1,photos/2,reply_to/4/screen_name,reply_to/4/name,reply_to/4/id,reply_to/5/screen_name,reply_to/5/name,reply_to/5/id,hashtags/12,hashtags/13,hashtags/14,hashtags/15,hashtags/16,urls/1,mentions/2/screen_name,mentions/2/name,mentions/2/id,mentions/3/screen_name,mentions/3/name,mentions/3/id
1314697407049937000,1314697407049936898,2020-10-10 05:41:02 SE Asia Standard Time,2020-10-10,05:41:02,+0700,2917064060,lenterakris,LenteraKristiani.com,,Pergub Baru Anies: Motor Pribadi Kena Ganjil Genap Saat PSBB Transisi  https://t.co/lK5AKbgE5D,in,https://ahbnews.com/pergub-baru-anies-motor-pribadi-kena-ganjil-genap-saat-psbb-transisi/?utm_source=ReviveOldPost&utm_medium=social&utm_campaign=ReviveOldPost,0,0,0,https://twitter.com/LenteraKris/status/1314697407049936898,false,,0,,,,,,,,,,,,,,,,,,,,,,,,,,,,,,,,,,,,,,,,,,,,,,,,,,,,,,,,,,,,,,
1314535741112811500,1314535741112811523,2020-10-09 18:58:38 SE Asia Standard Time,2020-10-09,18:58:38,+0700,1183032408255287300,juyeonjaksel,‚Äèjean,,"padahal transportasi umum fav gue bgt, sebelum covid bisa sampe tiap hari naik mrt terus, kmrnan pas psbb transisi aja klo mau ke kantor pasti slalu naik ini, sedih bisa ancur begini üòå",in,,0,0,0,https://twitter.com/juyeonjaksel/status/1314535741112811523,false,https://twitter.com/iyanners/status/1314361560278605824,0,,,,,,,,,,,,,,,,,,,,,,,,,,,,,,,,,,,,,,,,,,,,,,,,,,,,,,,,,,,,,,
1314498560096780300,1314490170964549632,2020-10-09 16:30:53 SE Asia Standard Time,2020-10-09,16:30:53,+0700,624211261,a_doni95,Aditia  Doni  S,,"@KompasTV Dari berita udh banyak sekali,  Para Politikus,birokrat tampak tenang2 aja.  Apakah Terkait kebijakan PSBB transisi atau hasil test positif corona,  Oknum TNI ngamuk dan menyerang  polsek Ciracas?",in,,0,0,0,https://twitter.com/a_doni95/status/1314498560096780290,false,,0,,,,,,,,,,,,KompasTV,KOMPAS TV,71436318,,,,,,,,,,,,,,,,,,,,,,,,,,,,,,,,,,,,,,,,,,,,,,,,
1314495068385038300,1314495068385038336,2020-10-09 16:17:01 SE Asia Standard Time,2020-10-09,16:17:01,+0700,2917064060,lenterakris,LenteraKristiani.com,,Pergub Baru Anies: Motor Pribadi Kena Ganjil Genap Saat PSBB Transisi  https://t.co/lK5AKbgE5D,in,https://ahbnews.com/pergub-baru-anies-motor-pribadi-kena-ganjil-genap-saat-psbb-transisi/?utm_source=ReviveOldPost&utm_medium=social&utm_campaign=ReviveOldPost,0,0,0,https://twitter.com/LenteraKris/status/1314495068385038336,false,,0,,,,,,,,,,,,,,,,,,,,,,,,,,,,,,,,,,,,,,,,,,,,,,,,,,,,,,,,,,,,,,
1314438933032300500,1314438926715637766,2020-10-09 12:33:57 SE Asia Standard Time,2020-10-09,12:33:57,+0700,966117497219948500,ornithogalumm,agul,,"psbb ini bakal berakhir bentar lagi. gatau mau diperpanjang, atau jadi psbb transisi lagi. yang jelas, gw bakal mencoba buat ga pergi ke tempat keramaian supaya bisa memutus rantai penyebaran.",in,,1,0,0,https://twitter.com/ornithogalumm/status/1314438933032300544,false,,0,,,,,,,,,,,,,,,,,,,,,,,,,,,,,,,,,,,,,,,,,,,,,,,,,,,,,,,,,,,,,,
1314395157144371200,1314393259540574209,2020-10-09 09:40:00 SE Asia Standard Time,2020-10-09,09:40:00,+0700,1037982819622871000,masand071,#sehatterus,,"@gerhardhulu jangan dong,,, udah hancur lebur nih,, masuk ke psbb transisi lg saja gpp deh",in,,0,0,0,https://twitter.com/Masand071/status/1314395157144371200,false,,0,,,,,,,,,,,,gerhardhulu,G,119026143,,,,,,,,,,,,,,,,,,,,,,,,,,,,,,,,,,,,,,,,,,,,,,,,
1314352695445127200,1314352695445127169,2020-10-09 06:51:16 SE Asia Standard Time,2020-10-09,06:51:16,+0700,103535016,budihasan,budi hasan,,Halo apa kabarnya status PSBB? Apakah masih diperpanjang or dimulai dengan PSBB transisi lagi kah?kok gk ada kabarnya?,in,,0,0,0,https://twitter.com/budihasan/status/1314352695445127169,false,,0,,,,,,,,,,,,,,,,,,,,,,,,,,,,,,,,,,,,,,,,,,,,,,,,,,,,,,,,,,,,,,
1314247565433548800,1314247565433548801,2020-10-08 23:53:31 SE Asia Standard Time,2020-10-08,23:53:31,+0700,2917064060,lenterakris,LenteraKristiani.com,,Pergub Baru Anies: Motor Pribadi Kena Ganjil Genap Saat PSBB Transisi  https://t.co/lK5AKbgE5D,in,https://ahbnews.com/pergub-baru-anies-motor-pribadi-kena-ganjil-genap-saat-psbb-transisi/?utm_source=ReviveOldPost&utm_medium=social&utm_campaign=ReviveOldPost,0,0,0,https://twitter.com/LenteraKris/status/1314247565433548801,false,,0,,,,,,,,,,,,,,,,,,,,,,,,,,,,,,,,,,,,,,,,,,,,,,,,,,,,,,,,,,,,,,
1314227370539266000,1314227370539266048,2020-10-08 22:33:16 SE Asia Standard Time,2020-10-08,22:33:16,+0700,176324461,ikhsanndi,Sandi Ikhsan,,Nutmeg #tbt #smsfsoccer . . . . . . . . . . . . . . . . . . . . . #soccer #minisoccerjakarta #nutmeg #realmadrid #pakaimasker #jagajarak #covid_19 #psbbtransisi #appleinsta #instasport @ Vidi Mini Soccer Pulomas  https://t.co/BKnYxxqCeu,da,https://www.instagram.com/p/CGFnRlygNrm/?igshid=1av31fxie9lx5,0,0,0,https://twitter.com/ikhsanndi/status/1314227370539266048,false,,0,,,,,,,,,,,,,,,tbt,smsfsoccer,soccer,minisoccerjakarta,nutmeg,realmadrid,pakaimasker,jagajarak,covid_19,psbbtransisi,appleinsta,instasport,,,,,,,,,,,,,,,,,,,,,,,,,,,,,,,,,,,,
1314223144547229700,1314213188007682048,2020-10-08 22:16:29 SE Asia Standard Time,2020-10-08,22:16:29,+0700,1147145706395725800,visitortwt1,@visitortwt,,"@MurtadhaOne1 @Beritasatu @ainunnajib @KawalCOVID19 Mingkem mas @ainunnajib krn ginian gak ada di Singapore pandemi ya dimasa civud 19. Klu pemerintah Singapore liat demo2 gini, apa ya yg mereka lakukan? Mohon pencerahan untuk @aniesbaswedan yg kurang paham PSBB transisi itu apa. #PercayaJokowi",in,,0,0,0,https://twitter.com/visitortwt1/status/1314223144547229696,false,,0,,,,,,,,,,,,MurtadhaOne1,Í¶©Í¶∏Í¶ÇÍ¶†Í¶ù,1178950184601935873,percayajokowi,,,,,,,,,,,,ainunnajib,ainun najib,35167068,aniesbaswedan,anies baswedan | sudah #vaksindulu,110312278,Beritasatu,BeritaSatu,154102750,ainunnajib,Ainun Najib,35167068,KawalCOVID19,KawalCOVID19 #62COVIDSOS,1233994338922684416,,,,,,,,,,,,,,,,,,,,,
1314204934749909000,1314204574282993664,2020-10-08 21:04:07 SE Asia Standard Time,2020-10-08,21:04:07,+0700,3129786378,kejo_online,Jasa ojek langganan orang üíâüíâ,,"@msvcxyz Balik ke PSBB transisi aja harusnya, toh pada rame-ramean juga.",in,,0,0,0,https://twitter.com/kejO_Online/status/1314204934749908997,false,,0,,,,,,,,,,,,,,,,,,,,,,,,,,,,,,,,,,,,,,,,,,,,,,,,,,,,,,,,,,,,,,
1314193421460934700,1314185681879490560,2020-10-08 20:18:22 SE Asia Standard Time,2020-10-08,20:18:22,+0700,1033756767644082200,dudunkcobain,ini adalah,,"@dunhillitem masih miii kmrn pas psbb transisi gue maen, skrg jg buka",in,,1,0,0,https://twitter.com/dudunkcobain/status/1314193421460934658,false,,0,,,,,,,,,,,,dunhillitem,fahmi,2201256757,,,,,,,,,,,,,,,,,,,,,,,,,,,,,,,,,,,,,,,,,,,,,,,,
1314147990211162000,1314147990211162112,2020-10-08 17:17:51 SE Asia Standard Time,2020-10-08,17:17:51,+0700,1297443086,pakaroti,Pakaroti,,"Berikut rahasia empuk Roti Naan yang merupakan roti beragi yang¬†dibuat dari tepung gandum, yang merupakan masakan populer asal Asia Barat, Asia Tengah, Subbenua India, dan Asia Tenggara.  #Pakarians #TriviaPakaroti #AlatBaking #AlatDapur #TipsBaking #Roti #Psbb #PsbbTransisi  https://t.co/u8tKpd2smg",in,,0,0,1,https://twitter.com/PakaRoti/status/1314147990211162112,false,,1,https://pbs.twimg.com/media/EjzKoTqUYAA4Si8.jpg,,,,,,,,,,,,,,pakarians,triviapakaroti,alatbaking,alatdapur,tipsbaking,roti,psbb,psbbtransisi,,,,,,,,,,,,,,,,,,,,https://pbs.twimg.com/media/EjzKoTqUYAA4Si8.jpg,,,,,,,,,,,,,,,,,,,,
1313969672753217500,1313969672753217536,2020-10-08 05:29:17 SE Asia Standard Time,2020-10-08,05:29:17,+0700,2917064060,lenterakris,LenteraKristiani.com,,Pergub Baru Anies: Motor Pribadi Kena Ganjil Genap Saat PSBB Transisi  https://t.co/lK5AKbgE5D,in,https://ahbnews.com/pergub-baru-anies-motor-pribadi-kena-ganjil-genap-saat-psbb-transisi/?utm_source=ReviveOldPost&utm_medium=social&utm_campaign=ReviveOldPost,0,0,0,https://twitter.com/LenteraKris/status/1313969672753217536,false,,0,,,,,,,,,,,,,,,,,,,,,,,,,,,,,,,,,,,,,,,,,,,,,,,,,,,,,,,,,,,,,,
1313861873926692900,1313820884725985283,2020-10-07 22:20:55 SE Asia Standard Time,2020-10-07,22:20:55,+0700,946363405,wellylie99,polusi udara membunuhmu üå¥,,@Bisniscom Bln 3-6 kan psbb pertama. Lanjut psbb transisi. Bln 9 psbb lagi hingga tgl 10/10/2020 jelas aja import menurun krn gak ada pelaku bisnis yg buka usaha termasuk mall. Skrg aja gak ada brg dagangan krn pasokannya terputus nih. Buruknya lagi PHK uda kebanyakan khususnya jakarta,in,,0,0,2,https://twitter.com/wellylie99/status/1313861873926692864,false,,0,,,,,,,,,,,,Bisniscom,Bisnis.com,118646322,,,,,,,,,,,,,,,,,,,,,,,,,,,,,,,,,,,,,,,,,,,,,,,,
1313827302300512300,1313810004823035905,2020-10-07 20:03:33 SE Asia Standard Time,2020-10-07,20:03:33,+0700,1057158238779539500,catatankaqihati,ƒ± á…ê…•ƒ± û…ê ûu…ê á…ê á…ê∆Ü,,Tunggu bbrp hari lg pak @ridwankamil akan ad lonjakan. Kok gk berkaca dr Dki jkt yg mbolehkan demo saat psbb transisi kasus postifny cendrung naik drastis pak? Saya kecewa pak.  https://t.co/6iEWsJMxOP,in,,2,1,1,https://twitter.com/catatankaqihati/status/1313827302300512262,false,,1,https://pbs.twimg.com/media/Ejum9kBVgAEkTNB.jpg,,,,,,,,,,,,,,,,,,,,,,,,,,ridwankamil,ridwan kamil,80323736,,,,,,,,,,,,,https://pbs.twimg.com/media/Ejum9kBVgAEkTNB.jpg,,,,,,,,,,,,,,,,,,,,
1313748427256209400,1313748427256209409,2020-10-07 14:50:07 SE Asia Standard Time,2020-10-07,14:50:07,+0700,1198599167800533000,kodim0504,Kodim0504JakartaSelatan,,"Koramil 02 /MP dipimpin Danramil Mayor Arh Slamet   Melaksanaan Apel Tiga Pilar PSBB Transisi sesuai Pergub No.88 Tahun 2020 Tentang Pelaksanaan Pembatasan Sosial Berskala Besar Pada Masa Transisi Menuju Masyarakat Sehat, Aman dan Produktif di Wilayah Kel Pancoran.  https://t.co/H2qLi2pmJv",in,,0,0,1,https://twitter.com/kodim0504/status/1313748427256209409,false,,1,https://pbs.twimg.com/media/EjtfNS1VgAAuspR.jpg,,,,,,,,,,,,,,,,,,,,,,,,,,,,,,,,,,,,,,,,,https://pbs.twimg.com/media/EjtfNS1VgAAuspR.jpg,https://pbs.twimg.com/media/EjtfOJ_UwAEMAv1.jpg,https://pbs.twimg.com/media/EjtfOX9UwAAeADy.jpg,,,,,,,,,,,,,,,,,,
1313612160724066300,1313612160724066306,2020-10-07 05:48:39 SE Asia Standard Time,2020-10-07,05:48:39,+0700,2917064060,lenterakris,LenteraKristiani.com,,Pergub Baru Anies: Motor Pribadi Kena Ganjil Genap Saat PSBB Transisi  https://t.co/lK5AKbgE5D,in,https://ahbnews.com/pergub-baru-anies-motor-pribadi-kena-ganjil-genap-saat-psbb-transisi/?utm_source=ReviveOldPost&utm_medium=social&utm_campaign=ReviveOldPost,0,0,0,https://twitter.com/LenteraKris/status/1313612160724066306,false,,0,,,,,,,,,,,,,,,,,,,,,,,,,,,,,,,,,,,,,,,,,,,,,,,,,,,,,,,,,,,,,,
1313355958169612300,1313355958169612288,2020-10-06 12:50:36 SE Asia Standard Time,2020-10-06,12:50:36,+0700,2917064060,lenterakris,LenteraKristiani.com,,Pergub Baru Anies: Motor Pribadi Kena Ganjil Genap Saat PSBB Transisi  https://t.co/lK5AKbgE5D,in,https://ahbnews.com/pergub-baru-anies-motor-pribadi-kena-ganjil-genap-saat-psbb-transisi/?utm_source=ReviveOldPost&utm_medium=social&utm_campaign=ReviveOldPost,0,0,0,https://twitter.com/LenteraKris/status/1313355958169612288,false,,0,,,,,,,,,,,,,,,,,,,,,,,,,,,,,,,,,,,,,,,,,,,,,,,,,,,,,,,,,,,,,,
1313351922896650200,1313075733678321664,2020-10-06 12:34:33 SE Asia Standard Time,2020-10-06,12:34:33,+0700,486206650,bank_dki,bank_dki,,"@jalalsangar Selamat Siang Bpk/Ibu, mohon maaf atas ketidaknyamanannya. Dapat kami sampaikan selama PSBB transisi pelayanan Bank DKI beroperasional pukul 08.30 - 14.00 WIB.",in,,1,0,0,https://twitter.com/bank_dki/status/1313351922896650241,false,,0,,,,,,,,,,,,jalalsangar,Jalal Sofan Fitri,73826259,,,,,,,,,,,,,,,,,,,,,,,,,,,,,,,,,,,,,,,,,,,,,,,,
1313326359523909600,1313125019417939972,2020-10-06 10:52:59 SE Asia Standard Time,2020-10-06,10:52:59,+0700,3781177334,mmediocreman,üëª aaryn/SONA üëëüêÉ (COMM OPEN),,"@ahjojing Wah telat bgt 3 bulan masa baru ngeh transisi psbb g ngaruh Kalo lo google ""psbb jkt sampe kapan"" Smua artikel nyingging keputusan itu utk majuin agenda personal politik anies Dan kita smua jg udh tau",in,,1,0,0,https://twitter.com/mmediocreman/status/1313326359523909632,false,,0,,,,,,,,,,,,ahjojing,a h j o @ crawling back,933785863493861376,,,,,,,,,,,,,,,,,,,,,,,,,,,,,,,,,,,,,,,,,,,,,,,,
1313283053607956500,1313283053607956480,2020-10-06 08:00:54 SE Asia Standard Time,2020-10-06,08:00:54,+0700,272841361,gadgetdivaid,Gadget Diva ID,,"Youtap mencatat transaksi non-tunai di ekosistemnya meningkat 4,5 kali lipat selama 100 hari PSBB transisi.  https://t.co/PrjFp88kj7",in,https://gadgetdiva.id/ecommerce/15011-peningkatan-transaksi-non-tunai-youtap-selama-psbb-transisi/,0,0,0,https://twitter.com/gadgetdivaID/status/1313283053607956480,false,,0,,,,,,,,,,,,,,,,,,,,,,,,,,,,,,,,,,,,,,,,,,,,,,,,,,,,,,,,,,,,,,
1313265602878816300,1313265602878816256,2020-10-06 06:51:33 SE Asia Standard Time,2020-10-06,06:51:33,+0700,85805755,mostradio1058fm,MOST RADIO 105.8 FM,,"Kadishub DKI Jakarta Syafrin Liputo menyatakan ada penurunan volume kendaraan selama pelaksanaan PSBB pengetatan sejak 14 September - 4 Oktober 2020. Rata-rata volume kendaraan mengalami penurunan sebesar 10,17 % per hari bila dibandingkan dengan PSBB transisi.#MostUpdate1058",in,,0,0,0,https://twitter.com/mostradio1058fm/status/1313265602878816256,false,,0,,,,,,,,,,,,,,,mostupdate1058,,,,,,,,,,,,,,,,,,,,,,,,,,,,,,,,,,,,,,,,,,,,,,,
1313178917277184000,1313178917277184000,2020-10-06 01:07:06 SE Asia Standard Time,2020-10-06,01:07:06,+0700,2917064060,lenterakris,LenteraKristiani.com,,Pergub Baru Anies: Motor Pribadi Kena Ganjil Genap Saat PSBB Transisi  https://t.co/lK5AKbgE5D,in,https://ahbnews.com/pergub-baru-anies-motor-pribadi-kena-ganjil-genap-saat-psbb-transisi/?utm_source=ReviveOldPost&utm_medium=social&utm_campaign=ReviveOldPost,0,0,0,https://twitter.com/LenteraKris/status/1313178917277184000,false,,0,,,,,,,,,,,,,,,,,,,,,,,,,,,,,,,,,,,,,,,,,,,,,,,,,,,,,,,,,,,,,,
1313149448269312000,1313149448269312001,2020-10-05 23:10:00 SE Asia Standard Time,2020-10-05,23:10:00,+0700,68930552,mediaindonesia,Media Indonesia,,"""Volume lalu lintas kendaraan bermotor rata-rata per hari mengalami penurunan sebesar 10,17%, dibandingkan saat pemberlakuan PSBB transisi,"" ujar Kepala Dinas Perhubungan DKI Syafrin   https://t.co/xfUaUkzYF2",in,https://mediaindonesia.com/read/detail/350363-penumpang-angkutan-umum-turun-19-selama-psbb,0,0,2,https://twitter.com/mediaindonesia/status/1313149448269312001,false,,0,,,,,,,,,,,,,,,,,,,,,,,,,,,,,,,,,,,,,,,,,,,,,,,,,,,,,,,,,,,,,,
1313121091586416600,1313086795509387265,2020-10-05 21:17:19 SE Asia Standard Time,2020-10-05,21:17:19,+0700,354736167,mirzamau,Mirz,,"@RiyanGGMU @ItsGRT_ @dimasdzarkazi @detikcom @undip @Unair_Official I know, saya cuma mempertanyakan ngapain psbb total lagi kalau angka nya sama aja kaya psbb transisi + psbb total bikin banyak phk",in,,0,0,0,https://twitter.com/Mirzamau/status/1313121091586416641,false,,0,,,,,,,,,,,,RiyanGGMU,MRF.,1461562610,,,,,,,,,,,,,,,,,,,ItsGRT_,Renan,1900938944,dimasdzarkazi,dimas wisnu,116107707,detikcom,detikcom,69183155,,,,undip,Universitas Diponegoro,2951332278,Unair_Official,Universitas Airlangga,1110709339,,,,,,,,,,,,
1313105891407786000,1313086795509387265,2020-10-05 20:16:55 SE Asia Standard Time,2020-10-05,20:16:55,+0700,2601050466,azielindra,aziel indra effendi,,"@Mirzamau @NyooCarol13 @detikcom Psbb bukan milik Anies. Psbb itu buatan Jokowi, cek sejarahnya. Cek juga psbb transisi. Orang itu sembuhin dulu p3nyakitnya baru kerja",in,,0,0,2,https://twitter.com/azielindra/status/1313105891407785984,false,,0,,,,,,,,,,,,Mirzamau,Mirz,354736167,,,,,,,,,,,,,,,,,,,NyooCarol13,#StaySafeStaySane üôå,1261985862058795009,detikcom,detikcom,69183155,,,,,,,,,,,,,,,,,,,,,,,,
1313104696446316500,1313086795509387265,2020-10-05 20:12:10 SE Asia Standard Time,2020-10-05,20:12:10,+0700,354736167,mirzamau,Mirz,,"@NyooCarol13 @detikcom Bukan apa2 Anies disalahin, tapi jelas bgt psbb ini salah Anies. Lagi pemulihan ekonomi, psbb lagi yang angkanya sama aja kaya transisi kemarin. Bedanya? Skrg Ekonomi rontok, phk dimana2, orang gatau beli makan pake apa.",in,,2,0,0,https://twitter.com/Mirzamau/status/1313104696446316544,false,,0,,,,,,,,,,,,NyooCarol13,#StaySafeStaySane üôå,1261985862058795009,,,,,,,,,,,,,,,,,,,detikcom,detikcom,69183155,,,,,,,,,,,,,,,,,,,,,,,,,,,
1313081020929851400,1313081020929851392,2020-10-05 18:38:05 SE Asia Standard Time,2020-10-05,18:38:05,+0700,23343960,kompascom,Kompas.com,,"Selama periode 14 September hingga 4 Oktober 2020, rata-rata volume kendaraan per hari di Jakarta turun 10,17 persen dibanding saat PSBB masa transisi  https://t.co/wIytXmupzm",in,http://dlvr.it/RhzCcY,0,1,0,https://twitter.com/kompascom/status/1313081020929851392,false,,0,,,,,,,,,,,,,,,,,,,,,,,,,,,,,,,,,,,,,,,,,,,,,,,,,,,,,,,,,,,,,,
1313077741835612200,1313077741835612161,2020-10-05 18:25:04 SE Asia Standard Time,2020-10-05,18:25:04,+0700,23343960,kompascom,Kompas.com,,"Selama periode 14 September hingga 4 Oktober 2020, rata-rata volume kendaraan per hari di Jakarta turun 10,17 persen dibanding saat PSBB masa transisi  https://t.co/CaiyC6Cxxg",in,http://dlvr.it/Rhz9WJ,0,0,3,https://twitter.com/kompascom/status/1313077741835612161,false,,0,,,,,,,,,,,,,,,,,,,,,,,,,,,,,,,,,,,,,,,,,,,,,,,,,,,,,,,,,,,,,,
1312972894998163500,1312972894998163457,2020-10-05 11:28:26 SE Asia Standard Time,2020-10-05,11:28:26,+0700,584590031,nadiadmynti,Nadia Damayanti,,"Kayaknya di luar cuma mengenal istilah lockdown ya.  Kok di Indonesia ada macam-macam istilahnya. PSBB lah, PSBB transisi lah, yg terbaru tadi (baru ku tau) ada PSBK. Pembatasan Sosial Berskala Kampung.  üò≥üôÑ",in,,0,0,0,https://twitter.com/nadiadmynti/status/1312972894998163457,false,,0,,,,,,,,,,,,,,,,,,,,,,,,,,,,,,,,,,,,,,,,,,,,,,,,,,,,,,,,,,,,,,
1312958281187430400,1312889075540455424,2020-10-05 10:30:22 SE Asia Standard Time,2020-10-05,10:30:22,+0700,1379431842,mrsrachelin,indri Yahya‚öòüáÆüá©üïä,,"@erwinkuswandi19 Ya, pusat bilang psbb new normal ' ini psbb transisi...slalu beda ..",in,,0,0,0,https://twitter.com/MrsRachelIn/status/1312958281187430400,false,,0,,,,,,,,,,,,erwinkuswandi19,win kus üáÆüá©,4493217314,,,,,,,,,,,,,,,,,,,,,,,,,,,,,,,,,,,,,,,,,,,,,,,,
1312912478251212800,1312912478251212800,2020-10-05 07:28:22 SE Asia Standard Time,2020-10-05,07:28:22,+0700,2917064060,lenterakris,LenteraKristiani.com,,Pergub Baru Anies: Motor Pribadi Kena Ganjil Genap Saat PSBB Transisi  https://t.co/lK5AKbgE5D,in,https://ahbnews.com/pergub-baru-anies-motor-pribadi-kena-ganjil-genap-saat-psbb-transisi/?utm_source=ReviveOldPost&utm_medium=social&utm_campaign=ReviveOldPost,0,0,0,https://twitter.com/LenteraKris/status/1312912478251212800,false,,0,,,,,,,,,,,,,,,,,,,,,,,,,,,,,,,,,,,,,,,,,,,,,,,,,,,,,,,,,,,,,,
1312781277158756400,1312778102196506624,2020-10-04 22:47:01 SE Asia Standard Time,2020-10-04,22:47:01,+0700,1156342802122363000,aguset19,Agus setiawan,,"Pas pertamatama PSBB awal diberlakuin, kita semua lumayan patuh. Hampir gaada orang yang nongkrong, hampir semua tempat makan tutup dan gak menyediakan makan di tempat. Tapi, seiring berjalannya waktu. Presiden mengumumkan New Normal yang mengakibatkan Jakarta PSBB Transisi.",in,,1,0,0,https://twitter.com/aguset19/status/1312781277158756352,false,,0,,,,,,,,,,,,,,,,,,,,,,,,,,,,,,,,,,,,,,,,,,,,,,,,,,,,,,,,,,,,,,
1312702583673417700,1312702583673417728,2020-10-04 17:34:19 SE Asia Standard Time,2020-10-04,17:34:19,+0700,2917064060,lenterakris,LenteraKristiani.com,,Pergub Baru Anies: Motor Pribadi Kena Ganjil Genap Saat PSBB Transisi  https://t.co/lK5AKbgE5D,in,https://ahbnews.com/pergub-baru-anies-motor-pribadi-kena-ganjil-genap-saat-psbb-transisi/?utm_source=ReviveOldPost&utm_medium=social&utm_campaign=ReviveOldPost,0,0,0,https://twitter.com/LenteraKris/status/1312702583673417728,false,,0,,,,,,,,,,,,,,,,,,,,,,,,,,,,,,,,,,,,,,,,,,,,,,,,,,,,,,,,,,,,,,
1312689899351363600,1312685219321765891,2020-10-04 16:43:55 SE Asia Standard Time,2020-10-04,16:43:55,+0700,12450932,alandakariza,Get your vaccine üíâ,,@yeyenniish Sempet buka pas baru PSBB transisi. Aku harusnya April tapi diundur terus sampai akhirnya jadi awal Juni.,in,,1,0,0,https://twitter.com/alandakariza/status/1312689899351363589,false,,0,,,,,,,,,,,,yeyenniish,Yeyen Yenuarizki,1228192033853988865,,,,,,,,,,,,,,,,,,,,,,,,,,,,,,,,,,,,,,,,,,,,,,,,
1312632131340787700,1312607847948062722,2020-10-04 12:54:22 SE Asia Standard Time,2020-10-04,12:54:22,+0700,1356653520,riefsinggih,arief p singgih,,@y_wijayanto Aku sudah 6 bulan nggak keluar rumah....baru kemaren ke Jakarta.... itu pun harus keluar sebelum 14 September takut kejebak New PSBB Total...üòÇüòÇüòÇ Weleh Weleh.... ternyata eh ternyata....Ndak ono bedhane ambek Transisi....üòÇüòÇüòÇ Wes angel....angel....angel..,in,,1,0,0,https://twitter.com/riefsinggih/status/1312632131340787712,false,,0,,,,,,,,,,,,y_wijayanto,widi wijayanto,2199107286,,,,,,,,,,,,,,,,,,,,,,,,,,,,,,,,,,,,,,,,,,,,,,,,
1312614907024556000,1312601727296659456,2020-10-04 11:45:55 SE Asia Standard Time,2020-10-04,11:45:55,+0700,729455396738322400,raanoo_____,Monsieur üáÆüá©,,"@urdadsnobodies tunggu psbb transisi apa susanya si anjg, kek mati aja org org itu klo ga nongkrong",in,,0,0,0,https://twitter.com/raanoo_____/status/1312614907024556032,false,,0,,,,,,,,,,,,,,,,,,,,,,,,,,,,,,,,,,,,,,,,,,,,,,,,,,,,,,,,,,,,,,
1312573141214883800,1312571731677114368,2020-10-04 08:59:57 SE Asia Standard Time,2020-10-04,08:59:57,+0700,946634228967489500,afagvrl,sha,,@diyantimar Waktu psbb transisi dibuka tu tp cuma 1000 pengunjung dan harus download apps apa gt. Kyanya sekarang iya deh closed,in,,1,0,0,https://twitter.com/afagvrl/status/1312573141214883840,false,,0,,,,,,,,,,,,diyantimar,iyaaaannüòæ,1302605188373442560,,,,,,,,,,,,,,,,,,,,,,,,,,,,,,,,,,,,,,,,,,,,,,,,
1312498817384603600,1312498817384603649,2020-10-04 04:04:37 SE Asia Standard Time,2020-10-04,04:04:37,+0700,2917064060,lenterakris,LenteraKristiani.com,,Pergub Baru Anies: Motor Pribadi Kena Ganjil Genap Saat PSBB Transisi  https://t.co/lK5AKaZ2H3,in,https://ahbnews.com/pergub-baru-anies-motor-pribadi-kena-ganjil-genap-saat-psbb-transisi/?utm_source=ReviveOldPost&utm_medium=social&utm_campaign=ReviveOldPost,0,0,0,https://twitter.com/LenteraKris/status/1312498817384603649,false,,0,,,,,,,,,,,,,,,,,,,,,,,,,,,,,,,,,,,,,,,,,,,,,,,,,,,,,,,,,,,,,,
1312405251987660800,1312405251987660802,2020-10-03 21:52:50 SE Asia Standard Time,2020-10-03,21:52:50,+0700,147580468,perrykusumah,‚Ç±‚Ç¨¬Æ¬Æ¬•,,"PSBB...Transisi...PSBB..., tarik...ulur...tarik..., kayak ngadu layangan...Tarik2 betot sekalian..jangan tanggung2!  Wuhan lockdown 2 bulan sekarang udah new normal! üò∑",in,,0,0,0,https://twitter.com/perrykusumah/status/1312405251987660802,false,,0,,,,,,,,,,,,,,,,,,,,,,,,,,,,,,,,,,,,,,,,,,,,,,,,,,,,,,,,,,,,,,
1312306167360577500,1312306167360577536,2020-10-03 15:19:06 SE Asia Standard Time,2020-10-03,15:19:06,+0700,58722068,ditto_p,Ditto Priyawardhana,,"PSBB, PSBB transisi, PSBB ketat, AKB, ATHB ü§£ü§£ü§£ü§£",in,,0,0,0,https://twitter.com/ditto_p/status/1312306167360577536,false,https://twitter.com/kompascom/status/1312303256773689344,0,,,,,,,,,,,,,,,,,,,,,,,,,,,,,,,,,,,,,,,,,,,,,,,,,,,,,,,,,,,,,,
1312296392543666200,1312296392543666176,2020-10-03 14:40:15 SE Asia Standard Time,2020-10-03,14:40:15,+0700,2917064060,lenterakris,LenteraKristiani.com,,Pergub Baru Anies: Motor Pribadi Kena Ganjil Genap Saat PSBB Transisi  https://t.co/lK5AKbgE5D,in,https://ahbnews.com/pergub-baru-anies-motor-pribadi-kena-ganjil-genap-saat-psbb-transisi/?utm_source=ReviveOldPost&utm_medium=social&utm_campaign=ReviveOldPost,0,0,0,https://twitter.com/LenteraKris/status/1312296392543666176,false,,0,,,,,,,,,,,,,,,,,,,,,,,,,,,,,,,,,,,,,,,,,,,,,,,,,,,,,,,,,,,,,,
1312264261654044700,1312264261654044672,2020-10-03 12:32:35 SE Asia Standard Time,2020-10-03,12:32:35,+0700,1086650434251411500,richietan13,Richie Tan,,Proses ganti kulit pada hewan  https://t.co/ti3oeuXkxu #psbb #covid19 #corona #jakarta #pemerintah #psbbnewnormal #psbbtotal #sanksisosial #psbbtransisi #pelanggarpsbb #masker #hatihati #pelanggarpsbb #tidakpakaimasker #bersihkankali #aturanpsbbterbaru #sanksipsbb,in,https://youtu.be/hGo586jzNic,0,0,0,https://twitter.com/RichieTan13/status/1312264261654044672,false,,0,,,,,,,,,,,,,,,psbb,covid19,corona,jakarta,pemerintah,psbbnewnormal,psbbtotal,sanksisosial,psbbtransisi,pelanggarpsbb,masker,hatihati,,,,,,,,,,,,,,,,,,,,,,,,,pelanggarpsbb,tidakpakaimasker,bersihkankali,aturanpsbbterbaru,sanksipsbb,,,,,,,
1312229772932472800,1312229772932472832,2020-10-03 10:15:32 SE Asia Standard Time,2020-10-03,10:15:32,+0700,973230634893103100,economiczone_id,Economic Zone,,"100 Hari PSBB Transisi: Naik Hingga 4,5 Kali Lipat, Teknologi Nirsentuh Jadi Pilihan Aman: Usaha pemulihan ekonomi dan perkembangan inovasi digital untuk membantu para UMKM bertahan melewati masa pandemi Covid-19 ini terus diberikan baik oleh pemerintah‚Ä¶  https://t.co/3QSYZCu3ga",in,http://dlvr.it/Rhrj8w,0,0,0,https://twitter.com/economiczone_id/status/1312229772932472832,false,,0,,,,,,,,,,,,,,,,,,,,,,,,,,,,,,,,,,,,,,,,,,,,,,,,,,,,,,,,,,,,,,
1312150468458553300,1312150468458553346,2020-10-03 05:00:24 SE Asia Standard Time,2020-10-03,05:00:24,+0700,2917064060,lenterakris,LenteraKristiani.com,,Pergub Baru Anies: Motor Pribadi Kena Ganjil Genap Saat PSBB Transisi  https://t.co/lK5AKaZ2H3,in,https://ahbnews.com/pergub-baru-anies-motor-pribadi-kena-ganjil-genap-saat-psbb-transisi/?utm_source=ReviveOldPost&utm_medium=social&utm_campaign=ReviveOldPost,0,0,0,https://twitter.com/LenteraKris/status/1312150468458553346,false,,0,,,,,,,,,,,,,,,,,,,,,,,,,,,,,,,,,,,,,,,,,,,,,,,,,,,,,,,,,,,,,,
1312093431687270400,1312093431687270407,2020-10-03 01:13:46 SE Asia Standard Time,2020-10-03,01:13:46,+0700,2917064060,lenterakris,LenteraKristiani.com,,Pergub Baru Anies: Motor Pribadi Kena Ganjil Genap Saat PSBB Transisi  https://t.co/lK5AKbgE5D,in,https://ahbnews.com/pergub-baru-anies-motor-pribadi-kena-ganjil-genap-saat-psbb-transisi/?utm_source=ReviveOldPost&utm_medium=social&utm_campaign=ReviveOldPost,0,0,0,https://twitter.com/LenteraKris/status/1312093431687270407,false,,0,,,,,,,,,,,,,,,,,,,,,,,,,,,,,,,,,,,,,,,,,,,,,,,,,,,,,,,,,,,,,,
1312073027106955300,1311931703049428994,2020-10-02 23:52:41 SE Asia Standard Time,2020-10-02,23:52:41,+0700,82167809,ayahhasann,...,,@el_kaezzar @callmeleraa @detikcom @dewanpers @AJIIndonesia Di saat PSBB pertama dan PSBB transisi awal Jakarta kayanya lumayan sukses nahan laju covid-19. Padahal PSBB itu bukan lockdown tapi Jakarta sepi yg artinya warga nerima gerak dibatasi. Tapi mgkn krn ga jelas endingnya dan warga butuh makan akhirnya jadi naik lagi kaya skrg.,in,,1,0,0,https://twitter.com/ayahhasann/status/1312073027106955264,false,,0,,,,,,,,,,,,el_kaezzar,Aldie,709914044,,,,,,,,,,,,,,,,,,,callmeleraa,◊®◊ê◊ë◊ô◊ú ◊®◊ñ◊ß◊ô,1120212391566856192,detikcom,detikcom,69183155,dewanpers,Dewan Pers,256912313,,,,AJIIndonesia,AJI Indonesia,289782151,,,,,,,,,,,,,,,
1312067442084962300,1312067442084962304,2020-10-02 23:30:29 SE Asia Standard Time,2020-10-02,23:30:29,+0700,991760263228477400,drnewstwit,drn,,"Berbagi kabar baik mengenai COVID 19:  Pasien rawat inap di Jakarta yg menderita COVID-19 sempat mencapai hampir 5.000 orang pada saat PSBB Transisi.  Terjadi penurunan Pasien rawat inap di Jakarta yg menderita COVID-19, jadi hampir 2.000 orang.  Semoga Pandemi segera berakhir.  https://t.co/Q7MHkuskz0",in,,2,3,12,https://twitter.com/drnewstwit/status/1312067442084962304,false,,1,https://pbs.twimg.com/media/EjVmYVfVkAErTGG.jpg,,,,,,,,,,,,,,,,,,,,,,,,,,,,,,,,,,,,,,,,,https://pbs.twimg.com/media/EjVmYVfVkAErTGG.jpg,,,,,,,,,,,,,,,,,,,,
1312013163294941200,1312011421220139008,2020-10-02 19:54:48 SE Asia Standard Time,2020-10-02,19:54:48,+0700,3129786378,kejo_online,Jasa ojek langganan orang üíâüíâ,,"@joki_berbakat Prakerja udah dari sebelum pandemi dipersiapkan.  Sedangkan yang tadi Lo bilang itu udah dijawab sama Pak @prastow dananya baru tersedia di pertengahan bulan Juni, yang sudah masuk PSBB transisi.",in,,2,0,0,https://twitter.com/kejO_Online/status/1312013163294941184,false,,0,,,,,,,,,,,,joki_berbakat,NiDaMi_,900033730361688064,,,,,,,,,,,,,prastow,prastowo yustinus,88581196,,,,,,,,,,,,,,,,,,,,,,,,,,,,,,,,,
1312008712496668700,1312008712496668678,2020-10-02 19:37:07 SE Asia Standard Time,2020-10-02,19:37:07,+0700,58880688,pikiran_rakyat,Pikiran Rakyat,,"Data Ini Muncul, 1.623 WNA Tiongkok Masuk Jakarta saat PSBB Transisi Agustus 2020  https://t.co/zTCAX0hTD0",in,http://dlvr.it/RhpXNN,0,2,1,https://twitter.com/pikiran_rakyat/status/1312008712496668678,false,,0,,,,,,,,,,,,,,,,,,,,,,,,,,,,,,,,,,,,,,,,,,,,,,,,,,,,,,,,,,,,,,
1312001351073902600,1312001351073902593,2020-10-02 19:07:52 SE Asia Standard Time,2020-10-02,19:07:52,+0700,408258254,vitrosss,Vita Rossanti,,"Year 2020 BC (Before Corona)  Tahun yang hanya memiliki 2 bulan, yaitu Januari dan Februari. Sisanya PSBB, PSBB transisi dan PSBB lagi.  Stay safe, stay sane!  https://t.co/dTF57d7xQe",in,https://www.instagram.com/p/CF1y_-Sj7Bz/?igshid=1e3g3g4z2o7h7,0,0,0,https://twitter.com/vitrosss/status/1312001351073902593,false,,0,,,,,,,,,,,,,,,,,,,,,,,,,,,,,,,,,,,,,,,,,,,,,,,,,,,,,,,,,,,,,,
1311995145835835400,1311953327546986496,2020-10-02 18:43:13 SE Asia Standard Time,2020-10-02,18:43:13,+0700,4543162348,saptasahasrani,Rian Nugraha,,"@ellameilia @BNPB_Indonesia Coba perhatikan, sama persis tidak PSBB kali ini dengan PSBB awal dulu? PSBB yang sekarang ini tetap lebih longgar, walaupun lebih ketat dibandingkan PSBB transisi. Perlu dievaluasi &amp; segera modifikasi supaya lebih efektif. Jika 3 minggu tanpa aksi perubahan akan percuma nantinya",in,,1,0,0,https://twitter.com/SaptaSahasrani/status/1311995145835835393,false,,0,,,,,,,,,,,,ellameilia,Ella Meilia,134315121,,,,,,,,,,,,,,,,,,,BNPB_Indonesia,BNPB Indonesia,346303384,,,,,,,,,,,,,,,,,,,,,,,,,,,
1311983195450089500,1311983195450089472,2020-10-02 17:55:43 SE Asia Standard Time,2020-10-02,17:55:43,+0700,86658493,danang_soegi,Danang Sugi Atmojo,,"PSBB,PSBB transisi, minilockdown....nanti juga sampe ke LOCKDOWN!",in,,0,0,0,https://twitter.com/danang_soegi/status/1311983195450089472,false,https://twitter.com/CNNIndonesia/status/1311772998215495681,0,,,,,,,,,,,,,,,,,,,,,,,,,,,,,,,,,,,,,,,,,,,,,,,,,,,,,,,,,,,,,,
1311951347206422500,1311944775143022592,2020-10-02 15:49:10 SE Asia Standard Time,2020-10-02,15:49:10,+0700,2558425814,postkelonial,dini,,@tiuwtiw Gak jauh beda dr psbb pertama dong ya suasananya? (Gak bisa bedain juga aku sm psbb transisi üò¢),in,,0,0,0,https://twitter.com/postkelonial/status/1311951347206422528,false,,0,,,,,,,,,,,,tiuwtiw,Simbok Tiwi,2662512480,,,,,,,,,,,,,,,,,,,,,,,,,,,,,,,,,,,,,,,,,,,,,,,,
1311930199651446800,1311930199651446784,2020-10-02 14:25:08 SE Asia Standard Time,2020-10-02,14:25:08,+0700,42599126,glazedribeye,"but Gal, why can't we just steal more furniture?",,PSBB PSBB transisi PSBB jilid II PSBB mini lockdown PSBB jilid II + mini lockdown final mix PSBB 385/2 days PSBB chain of memories PSBB birth by sleep PSBB re:coded PSBB dream drop distance PSBB 2.8 final chapter prologue  PSBB jilid III  https://t.co/M1BkXDxfoR,in,,0,1,1,https://twitter.com/glazedribeye/status/1311930199651446784,false,https://twitter.com/detikcom/status/1311924181681012736,1,https://pbs.twimg.com/tweet_video_thumb/EjTpjn0VcAAOYE_.jpg,,,,,,,,,,,,,,,,,,,,,,,,,,,,,,,,,,,,,,,,,https://pbs.twimg.com/tweet_video_thumb/EjTpjn0VcAAOYE_.jpg,,,,,,,,,,,,,,,,,,,,
1311873053664727000,1311873053664727040,2020-10-02 10:38:04 SE Asia Standard Time,2020-10-02,10:38:04,+0700,2917064060,lenterakris,LenteraKristiani.com,,Pergub Baru Anies: Motor Pribadi Kena Ganjil Genap Saat PSBB Transisi  https://t.co/lK5AKbgE5D,in,https://ahbnews.com/pergub-baru-anies-motor-pribadi-kena-ganjil-genap-saat-psbb-transisi/?utm_source=ReviveOldPost&utm_medium=social&utm_campaign=ReviveOldPost,0,0,0,https://twitter.com/LenteraKris/status/1311873053664727040,false,,0,,,,,,,,,,,,,,,,,,,,,,,,,,,,,,,,,,,,,,,,,,,,,,,,,,,,,,,,,,,,,,
1311685241896161300,1311685241896161282,2020-10-01 22:11:46 SE Asia Standard Time,2020-10-01,22:11:46,+0700,2917064060,lenterakris,LenteraKristiani.com,,Pergub Baru Anies: Motor Pribadi Kena Ganjil Genap Saat PSBB Transisi  https://t.co/lK5AKbgE5D,in,https://ahbnews.com/pergub-baru-anies-motor-pribadi-kena-ganjil-genap-saat-psbb-transisi/?utm_source=ReviveOldPost&utm_medium=social&utm_campaign=ReviveOldPost,0,0,0,https://twitter.com/LenteraKris/status/1311685241896161282,false,,0,,,,,,,,,,,,,,,,,,,,,,,,,,,,,,,,,,,,,,,,,,,,,,,,,,,,,,,,,,,,,,
1311654819963129900,1311654819963129856,2020-10-01 20:10:53 SE Asia Standard Time,2020-10-01,20:10:53,+0700,1086650434251411500,richietan13,Richie Tan,, https://t.co/dAt8kgIn45 Dr TIRTA PART 6 'MASKER SNI DAN PSBB JAKARTA' #psbb #maskersni #covid19 #corona #jakarta #pemerintah #psbbnewnormal #sanksisosial #psbbtransisi #pelanggarpsbb #masker #hatihati #pelanggarpsbb #tidakpakaimasker #bersihkankali #aturanpsbbterbaru #sanksipsbb,in,https://youtu.be/fPlWsmgXDK4,0,0,0,https://twitter.com/RichieTan13/status/1311654819963129856,false,,0,,,,,,,,,,,,,,,psbb,maskersni,covid19,corona,jakarta,pemerintah,psbbnewnormal,sanksisosial,psbbtransisi,pelanggarpsbb,masker,hatihati,,,,,,,,,,,,,,,,,,,,,,,,,pelanggarpsbb,tidakpakaimasker,bersihkankali,aturanpsbbterbaru,sanksipsbb,,,,,,,
1311653173434617900,1311647115928432641,2020-10-01 20:04:20 SE Asia Standard Time,2020-10-01,20:04:20,+0700,234586131,alfamaulana01,Alfa Maulana,,"@drpriono1 Setuju dok, hrs psbb ketat di jkt spt yg dulu. Klo skrg sdh longgar, bebas kyk psbb transisi. Mengandalkan masy, mustahil. Tinggal Gov, cm klo yg skrg y......mdh2 ada perubahan lah..",in,,0,0,0,https://twitter.com/Alfamaulana01/status/1311653173434617857,false,,0,,,,,,,,,,,,drpriono1,Juru Wabah üáÆüá©,1297362611026059269,,,,,,,,,,,,,,,,,,,,,,,,,,,,,,,,,,,,,,,,,,,,,,,,
1311639824286113800,1311638799005310976,2020-10-01 19:11:17 SE Asia Standard Time,2020-10-01,19:11:17,+0700,4329003615,psi_jakarta,PSI JAKARTA | #BeraniVaksinSehat,,3.Meminta Pemprov melengkapi pemberlakuan PSBB &amp; PSBB Transisi dgn indikator2 pemberlakuan yg jelas &amp; terukur  4.Meminta Pemprov melengkapi beberapa definisi terkait rencana pemulihan ekonomi serta perlindungan sosial &amp; jaminan sosial  https://t.co/LxuNnNlAAC,in,,3,4,2,https://twitter.com/PSI_Jakarta/status/1311639824286113792,false,,1,https://pbs.twimg.com/ext_tw_video_thumb/1311639747106758656/pu/img/6OnmnZSXJBfjShyN.jpg,,,,,,,,,,,,,,,,,,,,,,,,,,,,,,,,,,,,,,,,,,,,,,,,,,,,,,,,,,,,,
1311627154061492200,1311627154061492224,2020-10-01 18:20:57 SE Asia Standard Time,2020-10-01,18:20:57,+0700,62054489,jerayawara,Onerazz Channel Services,,"Dalam kurun waktu 14 hari PSBB ketat, jumlah korban tewas mencapai 14 orang atau naik 40 persen dibanding periode sama pada masa PSBB transisi. #PSBBJakarta  https://t.co/QEe6fqiOPZ  https://t.co/YoujiHQZ4o",in,https://news.detik.com/berita/d-5195801/polisi-korban-tewas-kecelakaan-di-masa-psbb-ketat-jakarta-naik-40-persen?utm_content=detikcom&utm_term=echobox&utm_medium=oa&utm_campaign=detikcomsocmed&utm_source=Twitter#Echobox=1601541584,0,0,0,https://twitter.com/jerayawara/status/1311627154061492224,false,,0,,,,,,,,,,,,,,,psbbjakarta,,,,,,,,,,,,,,,,,,,,,,,,,,,,,,,,,,,,,,,,,https://onerazzchannelservices.wordpress.com/2020/10/01/dalam-kurun-waktu-14-hari-psbb-ketat-jumlah-korban-tewas-mencapai-14-orang-atau-naik-40-persen-dibanding-periode-sama-pada-masa-psbb-transisi-psbbjakarta-https-t-co-mvxwb4hpyo/,,,,,,
1311627151230349300,1311627151230349312,2020-10-01 18:20:56 SE Asia Standard Time,2020-10-01,18:20:56,+0700,3145585729,onerazz,OCS Channel,,"Dalam kurun waktu 14 hari PSBB ketat, jumlah korban tewas mencapai 14 orang atau naik 40 persen dibanding periode sama pada masa PSBB transisi. #PSBBJakarta  https://t.co/mXpynpVNwz  https://t.co/yIausKZ0YJ",in,https://news.detik.com/berita/d-5195801/polisi-korban-tewas-kecelakaan-di-masa-psbb-ketat-jakarta-naik-40-persen?utm_content=detikcom&utm_term=echobox&utm_medium=oa&utm_campaign=detikcomsocmed&utm_source=Twitter#Echobox=1601541584,0,0,0,https://twitter.com/onerazz/status/1311627151230349312,false,,0,,,,,,,,,,,,,,,psbbjakarta,,,,,,,,,,,,,,,,,,,,,,,,,,,,,,,,,,,,,,,,,https://onerazzchannelservices.wordpress.com/2020/10/01/dalam-kurun-waktu-14-hari-psbb-ketat-jumlah-korban-tewas-mencapai-14-orang-atau-naik-40-persen-dibanding-periode-sama-pada-masa-psbb-transisi-psbbjakarta-https-t-co-mvxwb4hpyo/,,,,,,
1311610596261941200,1311610596261941249,2020-10-01 17:15:09 SE Asia Standard Time,2020-10-01,17:15:09,+0700,1297443086,pakaroti,Pakaroti,,Puff St. Honore Asal Prancis Atau Belgia?  #Pakarians #TriviaPakaroti #Trivia #InfoBaking #InfoKuliner #InfoMakanan #Cake #Pastry #Baking #Psbb #PsbbTransisi  https://t.co/z7qnLoqOiP,en,,0,0,0,https://twitter.com/PakaRoti/status/1311610596261941249,false,,1,https://pbs.twimg.com/media/EjPG4bTUYAEJS8N.jpg,,,,,,,,,,,,,,pakarians,triviapakaroti,trivia,infobaking,infokuliner,infomakanan,cake,pastry,baking,psbb,psbbtransisi,,,,,,,,,,,,,,,,,https://pbs.twimg.com/media/EjPG4bTUYAEJS8N.jpg,,,,,,,,,,,,,,,,,,,,
1311589028597129200,1311589028597129216,2020-10-01 15:49:27 SE Asia Standard Time,2020-10-01,15:49:27,+0700,1198599167800533000,kodim0504,Kodim0504JakartaSelatan,,Operasi Yustisi 3 Pilar Tingkat Provinsi DKI Jakarta dalam rangka Kamtibmas serta penerapan PSBB transisi tahap kedua menuju tatanan baru di wilayah Koramil 06/Setiabudi.Menjaring 30 pelanggar Protokol Kesehatan  https://t.co/EnsE9iTHdt,in,,0,0,0,https://twitter.com/kodim0504/status/1311589028597129216,false,,1,https://pbs.twimg.com/media/EjOzRQHU8AETQCF.jpg,,,,,,,,,,,,,,,,,,,,,,,,,,,,,,,,,,,,,,,,,https://pbs.twimg.com/media/EjOzRQHU8AETQCF.jpg,,,,,,,,,,,,,,,,,,,,
1311588356304908300,1311588356304908289,2020-10-01 15:46:46 SE Asia Standard Time,2020-10-01,15:46:46,+0700,69183155,detikcom,detikcom,,"Dalam kurun waktu 14 hari PSBB ketat, jumlah korban tewas mencapai 14 orang atau naik 40 persen dibanding periode sama pada masa PSBB transisi. #PSBBJakarta  https://t.co/MvXWB4hPYo",in,https://news.detik.com/berita/d-5195801/polisi-korban-tewas-kecelakaan-di-masa-psbb-ketat-jakarta-naik-40-persen?utm_content=detikcom&utm_term=echobox&utm_medium=oa&utm_campaign=detikcomsocmed&utm_source=Twitter#Echobox=1601541584,0,1,7,https://twitter.com/detikcom/status/1311588356304908289,false,,0,,,,,,,,,,,,,,,psbbjakarta,,,,,,,,,,,,,,,,,,,,,,,,,,,,,,,,,,,,,,,,,,,,,,,
1311586233810776000,1311572016277807104,2020-10-01 15:38:20 SE Asia Standard Time,2020-10-01,15:38:20,+0700,243582081,reyand22,Drey,,"@FiersaBesari Banyak istilah doang, psbb, psbb transisi, new normal, mini lockdown, efek gak seberapa.",in,,0,0,0,https://twitter.com/reyand22/status/1311586233810776065,false,,0,,,,,,,,,,,,FiersaBesari,Fiersa Besari,1422951168,,,,,,,,,,,,,,,,,,,,,,,,,,,,,,,,,,,,,,,,,,,,,,,,
1311584144632082400,1311584144632082433,2020-10-01 15:30:02 SE Asia Standard Time,2020-10-01,15:30:02,+0700,456426648,merdekadotcom,Merdeka.com,,Polisi Sebut Selama PSBB Ketat Jumlah Korban Kecelakaan Meningkat 40 Persen: Sambodo mengatakan perbandingan jumlah korban tewas akibat kecelakaan itu selama 14 hari periode PSBB Transisi (31 Agustus-14 September) sebanyak 10 orang. Sedangkan saat PSBB‚Ä¶  https://t.co/OLXBgiRVVL,in,http://dlvr.it/Rhjxpd,0,0,1,https://twitter.com/merdekadotcom/status/1311584144632082433,false,,0,,,,,,,,,,,,,,,,,,,,,,,,,,,,,,,,,,,,,,,,,,,,,,,,,,,,,,,,,,,,,,
1311583263874445300,1311583040875851776,2020-10-01 15:26:32 SE Asia Standard Time,2020-10-01,15:26:32,+0700,271922617,ridhaintifadha,M. Ridha Intifadha,,Dua kali masa PSBB di Jakarta setidaknya membuktikan penurunan signifikan keterisian di RS. Pola penurunan terlihat di awal bulan Juli dan pertengahan September  Semoga pola penurunan keterisian ini tidak serta merta mjd dasar pembukaan masa Transisi sblm wabah benar2 terkendali  https://t.co/CP8LUa3dhL,in,,1,13,21,https://twitter.com/RidhaIntifadha/status/1311583263874445317,false,,1,https://pbs.twimg.com/media/EjOuBPYVkAAb5rA.jpg,,,,,,,,,,,,,,,,,,,,,,,,,,,,,,,,,,,,,,,,,https://pbs.twimg.com/media/EjOuBPYVkAAb5rA.jpg,,,,,,,,,,,,,,,,,,,,
1311576594079604700,1311576594079604737,2020-10-01 15:00:02 SE Asia Standard Time,2020-10-01,15:00:02,+0700,79130206,jpnncom,JPNN.com,,"Polisi mencatatkan ada kenaikan jumlah korban kecelakaan lalu lintas sekitar 40 persen selama penerapan PSBB Jakarta, dibanding saat Transisi. #jumlahkorbankecelakaanselamapsbbJakarta  https://t.co/TjBgADG7Xy",in,https://m.jpnn.com/news/volume-kendaraan-turun-tetapi-jumlah-korban-kecelakaan-naik-40-persen,0,0,0,https://twitter.com/jpnncom/status/1311576594079604737,false,,0,,,,,,,,,,,,,,,jumlahkorbankecelakaanselamapsbbjakarta,,,,,,,,,,,,,,,,,,,,,,,,,,,,,,,,,,,,,,,,,,,,,,,
1311570833513406500,1311570833513406465,2020-10-01 14:37:09 SE Asia Standard Time,2020-10-01,14:37:09,+0700,72884031,professordeka,Deka,,"Lockdown in scale  Lockdown (I.e : italia, malaysia) Regional Lockdown (I.e wuhan) Lockdown gk yah ? (I.e PSBB) BOsen lockdown gak ada duit cicilan banyak (I.e AKB/PSBB transisi) ""mini lockdown"" ""micro lockdown"" ""molecular lockdown"" ""quark lockdown""  ""universe lockdown""",ro,,1,0,0,https://twitter.com/professordeka/status/1311570833513406465,false,,0,,,,,,,,,,,,,,,,,,,,,,,,,,,,,,,,,,,,,,,,,,,,,,,,,,,,,,,,,,,,,,
1311569962855587800,1311212456018997249,2020-10-01 14:33:41 SE Asia Standard Time,2020-10-01,14:33:41,+0700,486206650,bank_dki,bank_dki,,"@hemohemo_ninja Selamat Siang Bpk/Ibu, mohon maaf atas ketidaknyamanannya. Dapat kami sampaikan selama PSBB transisi pelayanan Bank DKI beroperasional pukul 08.30 - 14.00 WIB.",in,,1,0,0,https://twitter.com/bank_dki/status/1311569962855587840,false,,0,,,,,,,,,,,,hemohemo_ninja,Hemo Hemo,274457901,,,,,,,,,,,,,,,,,,,,,,,,,,,,,,,,,,,,,,,,,,,,,,,,
1311557655459061800,1311554888833220608,2020-10-01 13:44:47 SE Asia Standard Time,2020-10-01,13:44:47,+0700,46693544,chrissdhon,–î–û–ù,,"Contoh nih kerajaan tangerang, dari maret lalu konsisten PSBB. Jakarta masih pake kendor dengan PSBB transisi, tapi tangerang strict PSBB tros. Tapi tempat umum masih penuh, banyak yg keluar ga pake masker, masih ada pasar malem, rapid test juga dikit bgt.",in,,0,0,0,https://twitter.com/chrissdhon/status/1311557655459061760,false,,0,,,,,,,,,,,,,,,,,,,,,,,,,,,,,,,,,,,,,,,,,,,,,,,,,,,,,,,,,,,,,,
1311360282430767000,1311360282430767105,2020-10-01 00:40:29 SE Asia Standard Time,2020-10-01,00:40:29,+0700,2917064060,lenterakris,LenteraKristiani.com,,Pergub Baru Anies: Motor Pribadi Kena Ganjil Genap Saat PSBB Transisi  https://t.co/lK5AKbgE5D,in,https://ahbnews.com/pergub-baru-anies-motor-pribadi-kena-ganjil-genap-saat-psbb-transisi/?utm_source=ReviveOldPost&utm_medium=social&utm_campaign=ReviveOldPost,0,0,0,https://twitter.com/LenteraKris/status/1311360282430767105,false,,0,,,,,,,,,,,,,,,,,,,,,,,,,,,,,,,,,,,,,,,,,,,,,,,,,,,,,,,,,,,,,,
1311318914844876800,1311318914844876800,2020-09-30 21:56:07 SE Asia Standard Time,2020-09-30,21:56:07,+0700,1086650434251411500,richietan13,Richie Tan,, https://t.co/H5fXVYUVOB Dr Tirta membuka dana anggaran covid 19 #psbb #covid19 #corona #jakarta #pemerintah #psbbnewnormal #psbbtotal #sanksisosial #psbbtransisi #pelanggarpsbb #masker #hatihati #pelanggarpsbb #tidakpakaimasker #bersihkankali #aturanpsbbterbaru #sanksipsbb,in,https://youtu.be/bg1ghTpYDzg,0,0,0,https://twitter.com/RichieTan13/status/1311318914844876800,false,,0,,,,,,,,,,,,,,,psbb,covid19,corona,jakarta,pemerintah,psbbnewnormal,psbbtotal,sanksisosial,psbbtransisi,pelanggarpsbb,masker,hatihati,,,,,,,,,,,,,,,,,,,,,,,,,pelanggarpsbb,tidakpakaimasker,bersihkankali,aturanpsbbterbaru,sanksipsbb,,,,,,,
1311313259140542500,1311313259140542465,2020-09-30 21:33:38 SE Asia Standard Time,2020-09-30,21:33:38,+0700,507279528,hariaboo,Hari Junianto,,PSBB PSBM NEW NORMAL PSBB TRANSISI MINI LOCKDOWN MICRO LOCKDOWN NANO LOCKDOWN  TERSERAH!,in,,0,0,0,https://twitter.com/hariaboo/status/1311313259140542465,false,,0,,,,,,,,,,,,,,,,,,,,,,,,,,,,,,,,,,,,,,,,,,,,,,,,,,,,,,,,,,,,,,
1311304836311179300,1311304836311179264,2020-09-30 21:00:10 SE Asia Standard Time,2020-09-30,21:00:10,+0700,168082298,sigitwid,Sigit Widodo,,"PSI mengusulkan pemberian insentif kepada tenaga medis dan tenaga pendukung dengan tepat waktu dan jumlah yang sesuai, dan pemberlakuan PSBB dan PSBB transisi dengan indikator-2 yang jelas dan terukur.  @psi_id @PSI_Jakarta @ASastroamidjojo @aniesbaswedan   https://t.co/hru0oqrAc2",in,https://megapolitan.kompas.com/read/2020/09/30/18285661/psi-dki-jakarta-desak-insentif-nakes-hingga-kewajiban-berkoordinasi-masuk,0,8,26,https://twitter.com/sigitwid/status/1311304836311179264,false,,0,,,,,,,,,,,,,,,,,,,,,,,,,,,psi_id,dpp psi,3102442327,psi_jakarta,psi jakarta | #beranivaksinsehat,4329003615,,,,,,,,,,,,,,,,,,,,,,,,,asastroamidjojo,anggara wicitra sastroamidjojo,1163833191465046016,aniesbaswedan,anies baswedan | sudah #vaksindulu,110312278
1311294440053461000,1311289703203700743,2020-09-30 20:18:51 SE Asia Standard Time,2020-09-30,20:18:51,+0700,1276385451390066700,roocuronnniium,sgegg,,@CNNIndonesia PSBB PSBB TRANSISI MINI LOCKDOWN MICRO LOCKDOWN REGIONAL LOCKDOWN LOCKDOWN BERSKALA BESAR TERBATAS LOCKDOWN BERSKALA BESAR TRANSISI,in,,0,0,3,https://twitter.com/roocuronnniium/status/1311294440053460992,false,,0,,,,,,,,,,,,CNNIndonesia,CNN Indonesia,17128975,,,,,,,,,,,,,,,,,,,,,,,,,,,,,,,,,,,,,,,,,,,,,,,,
1311273119693201400,1311273119693201410,2020-09-30 18:54:08 SE Asia Standard Time,2020-09-30,18:54:08,+0700,1231841640475590700,neliah13306603,Neliah,, https://t.co/ImVN73dBvo  #PenumpangMRT #MRT #PSBB #PSBBTransisi,und,https://satukliknews.com/2020/09/30/psbb-ketat-jakarta-jumlah-penumpang-mrt-menurun/,0,0,0,https://twitter.com/Neliah13306603/status/1311273119693201410,false,,0,,,,,,,,,,,,,,,penumpangmrt,mrt,psbb,psbbtransisi,,,,,,,,,,,,,,,,,,,,,,,,,,,,,,,,,,,,,,,,,,,,
1311234271143575600,1311234271143575553,2020-09-30 16:19:46 SE Asia Standard Time,2020-09-30,16:19:46,+0700,161155241,pute0820,Putri „Éó„ÉÜ,,"Ini psbb total perasaan ga ada bedanya ky psbb transisi kmrn, jalanan pagi sore rame aja ky biasa~",in,,0,0,0,https://twitter.com/pute0820/status/1311234271143575553,false,,0,,,,,,,,,,,,,,,,,,,,,,,,,,,,,,,,,,,,,,,,,,,,,,,,,,,,,,,,,,,,,,
1311218749664448500,1311218749664448512,2020-09-30 15:18:05 SE Asia Standard Time,2020-09-30,15:18:05,+0700,23343960,kompascom,Kompas.com,,"Direktur Utama PT MRT Jakarta William P Sabandar mengatakan, jumlah penumpang sempat naik saat PSBB transisi di bulan Juli dan Agustus 2020 lalu.  https://t.co/7bsMUnVUew",in,http://dlvr.it/Rhf3Sh,1,0,1,https://twitter.com/kompascom/status/1311218749664448512,false,,0,,,,,,,,,,,,,,,,,,,,,,,,,,,,,,,,,,,,,,,,,,,,,,,,,,,,,,,,,,,,,,
1311189991528095700,1311189991528095744,2020-09-30 13:23:49 SE Asia Standard Time,2020-09-30,13:23:49,+0700,1086650434251411500,richietan13,Richie Tan,, https://t.co/oCb6RIXLVn Part4  Dr TIRTA ; COVID SEBAGAI SARANA CARI PANGGUNG #psbb #covid19 #corona #jakarta #pemerintah #psbbnewnormal #psbbtotal #sanksisosial #psbbtransisi #pelanggarpsbb #masker #pelanggarpsbb #tidakpakaimasker #bersihkankali #aturanpsbbterbaru #sanksipsbb,in,https://youtu.be/QDIm59TcukA,0,0,0,https://twitter.com/RichieTan13/status/1311189991528095744,false,,0,,,,,,,,,,,,,,,psbb,covid19,corona,jakarta,pemerintah,psbbnewnormal,psbbtotal,sanksisosial,psbbtransisi,pelanggarpsbb,masker,pelanggarpsbb,,,,,,,,,,,,,,,,,,,,,,,,,tidakpakaimasker,bersihkankali,aturanpsbbterbaru,sanksipsbb,,,,,,,,
1311138419142275000,1311138419142275075,2020-09-30 09:58:53 SE Asia Standard Time,2020-09-30,09:58:53,+0700,2917064060,lenterakris,LenteraKristiani.com,,Pergub Baru Anies: Motor Pribadi Kena Ganjil Genap Saat PSBB Transisi  https://t.co/lK5AKbgE5D,in,https://ahbnews.com/pergub-baru-anies-motor-pribadi-kena-ganjil-genap-saat-psbb-transisi/?utm_source=ReviveOldPost&utm_medium=social&utm_campaign=ReviveOldPost,0,0,0,https://twitter.com/LenteraKris/status/1311138419142275075,false,,0,,,,,,,,,,,,,,,,,,,,,,,,,,,,,,,,,,,,,,,,,,,,,,,,,,,,,,,,,,,,,,
1311114906955952000,1311114906955952128,2020-09-30 08:25:27 SE Asia Standard Time,2020-09-30,08:25:27,+0700,46278713,maidina__,Maidina Rahmawati,,Dr awal jakarta punya psbb transisi pun karena pempus kan. Efektif? Yaitu 4000 kasus per hari..,in,,0,0,1,https://twitter.com/maidina__/status/1311114906955952128,false,https://twitter.com/TirtoID/status/1311106134590148609,0,,,,,,,,,,,,,,,,,,,,,,,,,,,,,,,,,,,,,,,,,,,,,,,,,,,,,,,,,,,,,,
1311111606525259800,1311111606525259776,2020-09-30 08:12:20 SE Asia Standard Time,2020-09-30,08:12:20,+0700,1974164089,swarakyatcom,SWARAKYAT NEWS,,"Tak Mau Kalah dengan Anies PSBB Transisi, Jokowi Punya Istilah Baru yaitu Mini Lockdown  https://t.co/T0PBny2d94",in,https://www.swarakyat.com/2020/09/tak-mau-kalah-dengan-anies-psbb.html,4,0,3,https://twitter.com/swarakyatcom/status/1311111606525259776,false,,0,,,,,,,,,,,,,,,,,,,,,,,,,,,,,,,,,,,,,,,,,,,,,,,,,,,,,,,,,,,,,,
1311097198319341600,1311097198319341569,2020-09-30 07:15:05 SE Asia Standard Time,2020-09-30,07:15:05,+0700,338442037,edwin_santoso3,Edwin Santoso,,"Daripada memperbanyak terminologi program seperti PSBB total, PSBB transisi, PSBM, Mini Lockdown, dll, mungkin baiknya temen2 kemenkes, satgas/gugus tugas bisa adopt beberapa approach dari taiwan. 6 Months Covid: Jumlah kasus &lt;700 dan kematian &lt;50..  https://t.co/nZT31qQc7t",in,https://www.cnbc.com/2020/07/15/how-taiwan-beat-the-coronavirus.html,0,0,0,https://twitter.com/edwin_santoso3/status/1311097198319341569,false,,0,,,,,,,,,,,,,,,,,,,,,,,,,,,,,,,,,,,,,,,,,,,,,,,,,,,,,,,,,,,,,,
1311084271537275000,1311084271537274882,2020-09-30 06:23:43 SE Asia Standard Time,2020-09-30,06:23:43,+0700,1086650434251411500,richietan13,Richie Tan,, https://t.co/qn1mGBCTKO DR. TIRTA ; VAKSIN BUKAN OBAT #psbb #covid19 #corona #jakarta #pemerintah #psbbnewnormal #psbbtotal #sanksisosial #psbbtransisi #pelanggarpsbb #masker #hatihati #pelanggarpsbb #tidakpakaimasker #bersihkankali #aturanpsbbterbaru #sanksipsbb,in,https://youtu.be/wVSe9nPxS6A,0,0,0,https://twitter.com/RichieTan13/status/1311084271537274882,false,,0,,,,,,,,,,,,,,,psbb,covid19,corona,jakarta,pemerintah,psbbnewnormal,psbbtotal,sanksisosial,psbbtransisi,pelanggarpsbb,masker,hatihati,,,,,,,,,,,,,,,,,,,,,,,,,pelanggarpsbb,tidakpakaimasker,bersihkankali,aturanpsbbterbaru,sanksipsbb,,,,,,,
1311084019946201000,1311084019946201088,2020-09-30 06:22:43 SE Asia Standard Time,2020-09-30,06:22:43,+0700,1086650434251411500,richietan13,Richie Tan,,DR. TIRTA : VAKSIN BUKAN OBAT part  #psbb #covid19 #corona #jakarta #pemerintah #psbbnewnormal #psbbtotal #sanksisosial #psbbtransisi #pelanggarpsbb #masker #hatihati #pelanggarpsbb #tidakpakaimasker #bersihkankali #aturanpsbbterbaru #sanksipsbb  https://t.co/qn1mGBCTKO,in,https://youtu.be/wVSe9nPxS6A,0,0,0,https://twitter.com/RichieTan13/status/1311084019946201088,false,,0,,,,,,,,,,,,,,,psbb,covid19,corona,jakarta,pemerintah,psbbnewnormal,psbbtotal,sanksisosial,psbbtransisi,pelanggarpsbb,masker,hatihati,,,,,,,,,,,,,,,,,,,,,,,,,pelanggarpsbb,tidakpakaimasker,bersihkankali,aturanpsbbterbaru,sanksipsbb,,,,,,,
1311024981682172000,1310917652118867968,2020-09-30 02:28:07 SE Asia Standard Time,2020-09-30,02:28:07,+0700,992745774957056000,sudahminumteh,Aku ü§ì,,"@drpriono1 @aniesbaswedan @jokowi Maju terus pantang mundur @aniesbaswedan, walau psbb 2.0 ini kurang tegas, mirip2 psbb transisi aja...",in,,0,0,0,https://twitter.com/sudahminumteh/status/1311024981682171904,false,,0,,,,,,,,,,,,drpriono1,Juru Wabah üáÆüá©,1297362611026059269,,,,,,,,,,,,,aniesbaswedan,anies baswedan | sudah #vaksindulu,110312278,,,,aniesbaswedan,Anies Baswedan | Sudah #VaksinDulu,110312278,jokowi,Joko Widodo,366987179,,,,,,,,,,,,,,,,,,,,,,,,
1311022425329393700,1311022425329393665,2020-09-30 02:17:58 SE Asia Standard Time,2020-09-30,02:17:58,+0700,91992435,prastowo_o,Prastowo Widiantoro,,"Bodo amat sama pencarian menkes. Gue lebih kepo alias kangen lihat and nimbrung sama orang yg hidup normal, at least kayak masa transisi kemarin deh. Daripada PSBB lagi, udah edukasinya mentok disitu-situ aja, ya pantes situasinya nggak jelas terus. ü§Øü§Øü§Ø",in,,1,0,0,https://twitter.com/prastowo_O/status/1311022425329393665,false,,0,,,,,,,,,,,,,,,,,,,,,,,,,,,,,,,,,,,,,,,,,,,,,,,,,,,,,,,,,,,,,,
1310957126286704600,1310957126286704640,2020-09-29 21:58:29 SE Asia Standard Time,2020-09-29,21:58:29,+0700,2917064060,lenterakris,LenteraKristiani.com,,Pergub Baru Anies: Motor Pribadi Kena Ganjil Genap Saat PSBB Transisi  https://t.co/lK5AKbgE5D,in,https://ahbnews.com/pergub-baru-anies-motor-pribadi-kena-ganjil-genap-saat-psbb-transisi/?utm_source=ReviveOldPost&utm_medium=social&utm_campaign=ReviveOldPost,0,0,0,https://twitter.com/LenteraKris/status/1310957126286704640,false,,0,,,,,,,,,,,,,,,,,,,,,,,,,,,,,,,,,,,,,,,,,,,,,,,,,,,,,,,,,,,,,,
1310942236398542800,1310942236398542857,2020-09-29 20:59:19 SE Asia Standard Time,2020-09-29,20:59:19,+0700,238030759,reez_aa,Z,,"Profit perusahan udah mulai naik stlah psbb transisi, sekarang anjlok lagi",in,,0,0,0,https://twitter.com/Reez_aa/status/1310942236398542857,false,,0,,,,,,,,,,,,,,,,,,,,,,,,,,,,,,,,,,,,,,,,,,,,,,,,,,,,,,,,,,,,,,
1310920369662914600,1310513176048357377,2020-09-29 19:32:26 SE Asia Standard Time,2020-09-29,19:32:26,+0700,1232502469193633800,pembela_kbnran,khanayola,,"@podoradong Udah lama kali pembahasan Ciptaker di hotel, dari jaman sblm PSBB transisi juga udh bahas di hotel, udah 4 atau 5 bulanan dari hotel ke hotel",in,,0,0,0,https://twitter.com/pembela_kbnran/status/1310920369662914560,false,,0,,,,,,,,,,,,podoradong,Podoradong,1241349546627567616,,,,,,,,,,,,,,,,,,,,,,,,,,,,,,,,,,,,,,,,,,,,,,,,
1310920349136179200,1310917652118867968,2020-09-29 19:32:21 SE Asia Standard Time,2020-09-29,19:32:21,+0700,234586131,alfamaulana01,Alfa Maulana,,"@drpriono1 @aniesbaswedan Maaf dok, sy pikir psbb saat ini di dki tdk byk berbeda dibanding ms transisi, kantor2 msh full tanpa tindakan, jalan2 msh ramai, byk perilaku tdk 3m.  Ini akan memperlama wabah. Apa tdk ada cara u lebih mempercepatnya...tlg bantu @aniesbaswedan. Klo kada yg lain sdh ga peduli.",in,,0,0,0,https://twitter.com/Alfamaulana01/status/1310920349136179200,false,,0,,,,,,,,,,,,drpriono1,Juru Wabah üáÆüá©,1297362611026059269,,,,,,,,,,,,,aniesbaswedan,anies baswedan | sudah #vaksindulu,110312278,,,,aniesbaswedan,Anies Baswedan | Sudah #VaksinDulu,110312278,,,,,,,,,,,,,,,,,,,,,,,,,,,
1310898746633248800,1310548334075998208,2020-09-29 18:06:31 SE Asia Standard Time,2020-09-29,18:06:31,+0700,1277636881698578400,pengelolakebon,yourfavgardener,,"@mierafebrina @hrdbacot Dari jaman awal corona katanya gk akan masuk indo, ampe rame dan jakarta psbb, trus psbb transisi dan psbb lgi tetep aja masuk. Ampe dikasih surat klo kantor dapet izin beroperasi &amp; surat keterangan pegawai",in,,0,0,0,https://twitter.com/pengelolakebon/status/1310898746633248768,false,,0,,,,,,,,,,,,mierafebrina,miratharayyanu üòé,60484180,,,,,,,,,,,,,,,,,,,hrdbacot,hrdbacot,501800437,,,,,,,,,,,,,,,,,,,,,,,,,,,
1310897374525403100,1310895960990515201,2020-09-29 18:01:04 SE Asia Standard Time,2020-09-29,18:01:04,+0700,1143688002473906200,putcehhh,Putri Indri N,,"@collegemenfess Semangat yaaaaa. Aku juga ngerasa bimbingan agak berat dan terhambat pas kemarin psbb total. KTA beneran baru bisa kekejar pas transisi. Kamu yang kuat, pasti bisa kok. Belajar yang rajin yaa, tugasnya jangan lupa. Pelan pelan! ‚ù§Ô∏è",in,,0,0,0,https://twitter.com/putcehhh/status/1310897374525403136,false,,0,,,,,,,,,,,,collegemenfess,COLLE | CEK PINNED,1046084008742801408,,,,,,,,,,,,,,,,,,,,,,,,,,,,,,,,,,,,,,,,,,,,,,,,
1310843982444785700,1310838749803081728,2020-09-29 14:28:54 SE Asia Standard Time,2020-09-29,14:28:54,+0700,445861954,adhawjy,backbonekeluarga,,@KompasTV Mana buktinya ?? Gak Ada bedanya Sama PSBB transisi kemaren ..,in,,0,0,0,https://twitter.com/adhawjy/status/1310843982444785664,false,,0,,,,,,,,,,,,KompasTV,KOMPAS TV,71436318,,,,,,,,,,,,,,,,,,,,,,,,,,,,,,,,,,,,,,,,,,,,,,,,
1310842372343976000,1310842372343975936,2020-09-29 14:22:30 SE Asia Standard Time,2020-09-29,14:22:30,+0700,1105020299752300500,_orasnews,OrasNews,,New post in Kabar OrasNow:  https://t.co/gPhEp8j3h2 45 Kendaraan Ditindak di Hari I PSBB Transisi Jilid VI   @OrasNews_Channel  https://t.co/RauMg5IIL2,in,http://MimbarRakyatNews.com,0,0,0,https://twitter.com/_OrasNews/status/1310842372343975936,false,,0,,,,,,,,,,,,,,,,,,,,,,,,,,,,,,,,,,,,,,,,,,,,,,,,,,,,,,,,https://ift.tt/3jcHXEn,,,,,,
1310818998469030000,1310818998469029889,2020-09-29 12:49:37 SE Asia Standard Time,2020-09-29,12:49:37,+0700,68930552,mediaindonesia,Media Indonesia,,"Para pengusaha restoran telah menaati protokol kesehatan sejak PSBB transisi. Lagipula, belum ada klaster restoran.   https://t.co/X3Wg58D5a9",in,https://mediaindonesia.com/read/detail/348668-phri-minta-anies-izinkan-warga-kembali-makan-di-restoran,0,0,2,https://twitter.com/mediaindonesia/status/1310818998469029889,false,,0,,,,,,,,,,,,,,,,,,,,,,,,,,,,,,,,,,,,,,,,,,,,,,,,,,,,,,,,,,,,,,
1310808204062924800,1310808204062924800,2020-09-29 12:06:44 SE Asia Standard Time,2020-09-29,12:06:44,+0700,1243199094,sbsinews,SBSINews.com,,"Riset: PSBB Transisi Bikin Kunjungan Mal Meningkat, Lampaui¬†Supermarket  https://t.co/yCHfOSmysJ",in,https://sbsinews.com/riset-psbb-transisi-bikin-kunjungan-mal-meningkat-lampaui-supermarket/,0,0,0,https://twitter.com/sbsinews/status/1310808204062924800,false,,0,,,,,,,,,,,,,,,,,,,,,,,,,,,,,,,,,,,,,,,,,,,,,,,,,,,,,,,,,,,,,,
